observed_at,ph_read,temp_read,lux_read
2018-07-03 06:15:58,6.68,25.31,0.88
2018-07-03 06:21:08,6.67,25.31,0.88
2018-07-03 06:26:18,6.68,25.31,0.88
2018-07-03 06:31:27,6.68,25.31,0.88
2018-07-03 06:36:37,6.68,25.32,5.19
2018-07-03 06:41:46,6.68,25.35,28.4
2018-07-03 06:46:56,6.68,25.38,2.87
2018-07-03 06:52:06,6.67,25.38,1.75
2018-07-03 06:57:15,6.66,25.38,1.75
2018-07-03 07:02:25,6.67,25.41,2.0
2018-07-03 07:07:34,6.68,25.43,4.19
2018-07-03 07:12:46,6.67,25.44,4.19
2018-07-03 07:17:55,6.67,25.44,4.19
2018-07-03 07:23:05,6.67,25.47,3.02
2018-07-03 07:28:14,6.68,25.49,2.63
2018-07-03 07:33:24,6.68,25.5,2.88
2018-07-03 07:38:34,6.68,25.5,4.85
2018-07-03 07:43:43,6.68,25.54,4.49
2018-07-03 07:48:53,6.69,25.55,5.1
2018-07-03 07:54:02,6.69,25.55,4.78
2018-07-03 07:59:12,6.69,25.56,3.98
2018-07-03 08:04:21,6.69,25.57,3.51
2018-07-03 08:09:31,6.69,25.59,5.99
2018-07-03 08:14:42,6.7,25.62,5.99
2018-07-03 08:19:52,6.71,25.62,5.2
2018-07-03 08:25:02,6.71,25.62,4.39
2018-07-03 08:30:11,6.71,25.62,4.39
2018-07-03 08:35:21,6.71,25.66,5.13
2018-07-03 08:40:30,6.71,25.68,5.35
2018-07-03 08:45:40,6.72,25.69,4.69
2018-07-03 08:50:51,6.72,25.69,5.51
2018-07-03 08:56:00,6.73,25.69,4.71
2018-07-03 09:01:10,6.73,25.71,5.35
2018-07-03 09:06:19,6.73,25.73,5.59
2018-07-03 09:11:29,6.73,25.74,5.69
2018-07-03 09:16:41,6.73,25.75,6.21
2018-07-03 09:21:50,6.74,25.75,6.49
2018-07-03 09:27:00,6.74,25.75,6.08
2018-07-03 09:32:10,6.74,25.77,6.07
2018-07-03 09:37:19,6.75,25.8,6.31
2018-07-03 09:42:29,6.75,25.81,5.84
2018-07-03 09:47:38,6.75,25.81,6.14
2018-07-03 09:52:48,6.75,25.81,6.29
2018-07-03 09:57:58,6.75,25.82,7.14
2018-07-03 10:03:07,6.76,25.82,7.38
2018-07-03 10:08:17,6.75,25.85,7.05
2018-07-03 10:13:28,6.76,25.88,8.33
2018-07-03 10:18:38,6.76,25.88,8.45
2018-07-03 10:23:48,6.77,25.87,7.84
2018-07-03 10:28:58,6.77,25.88,7.66
2018-07-03 10:34:08,6.77,25.88,8.75
2018-07-03 10:39:17,6.77,25.9,9.52
2018-07-03 10:44:27,6.78,25.92,9.75
2018-07-03 10:49:36,6.77,25.92,9.83
2018-07-03 10:54:46,6.78,25.94,10.2
2018-07-03 10:59:56,6.78,25.94,11.14
2018-07-03 11:05:05,6.78,25.94,10.39
2018-07-03 11:10:15,6.79,25.94,11.42
2018-07-03 11:15:26,6.79,25.98,11.44
2018-07-03 11:20:36,6.79,25.98,13.34
2018-07-03 11:25:46,6.79,26.0,13.2
2018-07-03 11:30:55,6.79,26.0,13.3
2018-07-03 11:36:05,6.79,26.0,13.92
2018-07-03 11:41:14,6.8,26.0,13.69
2018-07-03 11:46:24,6.8,26.01,13.59
2018-07-03 11:51:34,6.8,26.02,14.18
2018-07-03 11:56:43,6.8,26.05,16.06
2018-07-03 12:01:53,6.8,26.06,13.62
2018-07-03 12:07:02,6.8,26.06,15.06
2018-07-03 12:12:12,6.8,26.06,18.62
2018-07-03 12:17:23,6.81,26.06,16.9
2018-07-03 12:22:33,6.8,26.07,17.11
2018-07-03 12:27:42,6.81,26.11,17.9
2018-07-03 12:32:52,6.82,26.12,18.1
2018-07-03 12:38:02,6.81,26.12,17.38
2018-07-03 12:43:11,6.81,26.12,18.64
2018-07-03 12:48:21,6.82,26.12,19.81
2018-07-03 12:53:30,6.81,26.13,18.07
2018-07-03 12:58:40,6.82,26.13,15.19
2018-07-03 13:03:50,6.82,26.15,18.2
2018-07-03 13:08:59,6.83,26.17,23.01
2018-07-03 13:14:11,6.82,26.18,23.13
2018-07-03 13:19:20,6.82,26.19,21.43
2018-07-03 13:24:30,6.83,26.19,8.83
2018-07-03 13:29:40,6.83,26.19,5.59
2018-07-03 13:34:49,6.83,26.19,4.5
2018-07-03 13:39:59,6.84,26.21,3.51
2018-07-03 13:45:08,6.83,26.23,5.64
2018-07-03 13:50:18,6.84,26.25,5.07
2018-07-03 13:55:28,6.84,26.24,2.76
2018-07-03 14:00:37,6.84,26.25,1.75
2018-07-03 14:05:47,6.84,26.25,1.75
2018-07-03 14:10:56,6.84,26.26,2.0
2018-07-03 14:16:08,6.84,26.26,1.75
2018-07-03 14:21:17,6.85,26.25,3.22
2018-07-03 14:26:27,6.85,26.27,4.19
2018-07-03 14:31:36,6.85,26.28,4.66
2018-07-03 14:36:46,6.86,26.31,4.73
2018-07-03 14:41:56,6.85,26.31,3.86
2018-07-03 14:47:05,6.86,26.31,5.02
2018-07-03 14:52:15,6.86,26.31,6.99
2018-07-03 14:57:24,6.86,26.31,9.14
2018-07-03 15:02:34,6.86,26.31,9.66
2018-07-03 15:07:44,6.87,26.31,7.15
2018-07-03 15:12:53,6.87,26.31,14.01
2018-07-03 15:18:05,6.87,26.31,22.32
2018-07-03 15:23:14,6.87,26.33,26.6
2018-07-03 15:28:24,6.87,26.34,25.36
2018-07-03 15:33:34,6.87,26.36,11.43
2018-07-03 15:38:43,6.87,26.36,6.33
2018-07-03 15:43:53,6.88,26.38,7.15
2018-07-03 15:49:02,6.87,26.38,4.51
2018-07-03 15:54:12,6.88,26.38,4.11
2018-07-03 15:59:22,6.88,26.38,4.04
2018-07-03 16:04:31,6.88,26.38,1.75
2018-07-03 16:09:41,6.88,26.38,2.53
2018-07-03 16:14:50,6.88,26.38,2.54
2018-07-03 16:20:02,6.88,26.39,0.88
2018-07-03 16:25:12,6.88,26.38,0.88
2018-07-03 16:30:22,6.89,26.41,0.88
2018-07-03 16:35:31,6.89,26.4,0.88
2018-07-03 16:40:41,6.88,26.39,0.88
2018-07-03 16:45:50,6.89,26.4,0.28
2018-07-03 16:51:00,6.88,26.41,0.02
2018-07-03 16:56:10,6.89,26.42,0.02
2018-07-03 17:01:19,6.89,26.42,0.02
2018-07-03 17:06:29,6.89,26.42,0.02
2018-07-03 17:11:38,6.89,26.43,0.71
2018-07-03 17:16:50,6.88,26.44,0.88
2018-07-03 17:22:00,6.89,26.43,0.88
2018-07-03 17:27:09,6.89,26.43,0.88
2018-07-03 17:32:19,6.89,26.44,0.88
2018-07-03 17:37:29,6.89,26.44,0.88
2018-07-03 17:42:39,6.89,26.44,2.07
2018-07-03 17:47:49,6.88,26.43,2.98
2018-07-03 17:52:58,6.89,26.44,1.5
2018-07-03 17:58:08,6.89,26.44,3.22
2018-07-03 18:03:18,6.89,26.44,3.1
2018-07-03 18:08:27,6.89,26.44,4.6
2018-07-03 18:13:37,6.89,26.44,3.86
2018-07-03 18:18:48,6.89,26.44,3.43
2018-07-03 18:23:58,6.89,26.44,2.24
2018-07-03 18:29:07,6.89,26.44,1.75
2018-07-03 18:34:17,6.89,26.44,1.75
2018-07-03 18:39:26,6.89,26.44,1.75
2018-07-03 18:44:36,6.89,26.44,3.46
2018-07-03 18:49:46,6.89,26.44,4.19
2018-07-03 18:54:55,6.9,26.44,4.19
2018-07-03 19:00:05,6.89,26.44,4.19
2018-07-03 19:05:14,6.9,26.44,3.95
2018-07-03 19:10:24,6.9,26.44,20.92
2018-07-03 19:15:34,6.89,26.44,57.21
2018-07-03 19:20:45,6.9,26.41,54.65
2018-07-03 19:25:55,6.89,26.38,53.22
2018-07-03 19:31:04,6.88,26.38,52.4
2018-07-03 19:36:14,6.88,26.38,52.4
2018-07-03 19:41:23,6.88,26.34,51.58
2018-07-03 19:46:33,6.88,26.31,52.13
2018-07-03 19:51:43,6.87,26.31,52.49
2018-07-03 19:56:52,6.87,26.29,52.84
2018-07-03 20:02:02,6.87,26.25,52.49
2018-07-03 20:07:11,6.86,26.25,51.07
2018-07-03 20:12:21,6.86,26.24,51.07
2018-07-03 20:17:34,6.86,26.21,50.87
2018-07-03 20:22:43,6.85,26.19,52.29
2018-07-03 20:27:53,6.85,26.19,52.89
2018-07-03 20:33:03,6.84,26.13,52.89
2018-07-03 20:38:12,6.85,26.12,52.89
2018-07-03 20:43:22,6.83,26.12,52.89
2018-07-03 20:48:31,6.82,26.07,52.89
2018-07-03 20:53:41,6.83,26.07,52.89
2018-07-03 20:58:51,6.83,26.06,52.89
2018-07-03 21:04:00,6.81,26.06,52.89
2018-07-03 21:09:10,6.81,26.06,52.89
2018-07-03 21:14:19,6.81,26.06,52.89
2018-07-03 21:19:37,6.81,26.05,52.89
2018-07-03 21:24:47,6.81,26.03,52.08
2018-07-03 21:29:56,6.8,26.01,50.06
2018-07-03 21:35:06,6.8,26.0,48.85
2018-07-03 21:40:16,6.8,25.99,48.85
2018-07-03 21:45:25,6.79,25.97,48.85
2018-07-03 21:50:35,6.8,25.94,48.85
2018-07-03 21:55:44,6.79,25.93,48.85
2018-07-03 22:00:54,6.78,25.92,48.85
2018-07-03 22:06:04,6.78,25.88,48.85
2018-07-03 22:11:13,6.77,25.88,48.85
2018-07-03 22:16:23,6.77,25.87,48.85
2018-07-03 22:21:34,6.78,25.86,48.85
2018-07-03 22:26:44,6.77,25.82,48.85
2018-07-03 22:31:53,6.76,25.81,48.85
2018-07-03 22:37:03,6.76,25.81,41.82
2018-07-03 22:42:13,6.76,25.79,49.86
2018-07-03 22:47:22,6.76,25.77,50.67
2018-07-03 22:52:32,6.75,25.75,49.25
2018-07-03 22:57:41,6.75,25.75,49.66
2018-07-03 23:02:50,6.74,25.74,50.42
2018-07-03 23:08:00,6.74,25.72,50.87
2018-07-03 23:13:09,6.74,25.7,50.87
2018-07-03 23:31:45,6.74,25.65,49.16
2018-07-03 23:36:47,6.74,25.63,49.03
2018-07-03 23:41:49,6.74,25.62,49.56
2018-07-03 23:46:51,6.73,25.62,50.09
2018-07-03 23:51:54,6.73,25.61,48.28
2018-07-03 23:56:56,6.73,25.58,49.16
2018-07-04 00:01:58,6.73,25.57,50.83
2018-07-04 00:07:00,6.73,25.56,48.87
2018-07-04 00:12:02,6.72,25.56,34.2
2018-07-04 00:17:04,6.72,25.53,49.46
2018-07-04 00:22:06,6.72,25.5,48.85
2018-07-04 06:17:40,6.68,25.62,55.21
2018-07-04 06:22:46,6.68,25.62,55.83
2018-07-04 06:27:53,6.68,25.62,53.55
2018-07-04 06:33:00,6.68,25.62,14.03
2018-07-04 06:38:07,6.68,25.62,3.4
2018-07-04 06:43:14,6.68,25.63,4.28
2018-07-04 06:48:21,6.68,25.63,2.53
2018-07-04 06:53:28,6.68,25.63,3.86
2018-07-04 06:58:35,6.67,25.63,3.25
2018-07-04 07:03:42,6.68,25.64,2.63
2018-07-04 07:08:49,6.68,25.65,2.98
2018-07-04 07:14:00,6.67,25.66,3.69
2018-07-04 07:19:06,6.68,25.68,4.66
2018-07-04 07:24:13,6.67,25.69,5.1
2018-07-04 07:29:20,6.68,25.69,5.1
2018-07-04 07:34:27,6.67,25.69,4.16
2018-07-04 07:39:34,6.68,25.69,5.26
2018-07-04 07:44:41,6.68,25.69,5.1
2018-07-04 07:49:48,6.68,25.69,6.11
2018-07-04 07:54:55,6.68,25.69,6.18
2018-07-04 08:00:02,6.68,25.69,6.61
2018-07-04 08:05:09,6.68,25.69,7.31
2018-07-04 08:10:16,6.68,25.71,8.24
2018-07-04 08:15:25,6.69,25.72,6.2
2018-07-04 08:20:32,6.69,25.72,8.8
2018-07-04 08:25:39,6.69,25.73,8.67
2018-07-04 08:30:46,6.69,25.75,9.46
2018-07-04 08:35:53,6.69,25.75,9.68
2018-07-04 08:41:00,6.69,25.75,9.93
2018-07-04 08:46:06,6.69,25.75,10.2
2018-07-04 08:51:13,6.7,25.75,10.48
2018-07-04 08:56:20,6.7,25.75,10.82
2018-07-04 09:01:27,6.7,25.75,11.02
2018-07-04 09:06:34,6.7,25.75,11.36
2018-07-04 09:11:41,6.71,25.75,12.04
2018-07-04 09:16:50,6.71,25.77,11.7
2018-07-04 09:21:57,6.71,25.79,10.66
2018-07-04 09:27:04,6.71,25.8,11.0
2018-07-04 09:32:11,6.71,25.79,11.62
2018-07-04 09:37:18,6.72,25.81,12.11
2018-07-04 09:42:25,6.72,25.8,11.81
2018-07-04 09:47:32,6.72,25.81,12.28
2018-07-04 09:52:39,6.72,25.81,11.09
2018-07-04 09:57:46,6.72,25.81,12.18
2018-07-04 10:02:53,6.73,25.81,12.94
2018-07-04 10:08:00,6.73,25.81,12.84
2018-07-04 10:13:07,6.73,25.81,11.26
2018-07-04 10:18:16,6.73,25.81,11.41
2018-07-04 10:23:23,6.73,25.82,12.91
2018-07-04 10:28:30,6.73,25.83,12.11
2018-07-04 10:33:36,6.74,25.83,11.1
2018-07-04 10:38:43,6.74,25.85,11.9
2018-07-04 10:43:50,6.74,25.87,11.54
2018-07-04 10:48:57,6.74,25.87,14.16
2018-07-04 10:54:04,6.74,25.87,15.16
2018-07-04 10:59:11,6.74,25.87,15.23
2018-07-04 11:04:18,6.74,25.88,14.93
2018-07-04 11:09:25,6.74,25.88,14.95
2018-07-04 11:14:34,6.75,25.88,14.01
2018-07-04 11:19:41,6.75,25.88,15.2
2018-07-04 11:24:48,6.75,25.88,15.52
2018-07-04 11:29:55,6.75,25.88,16.01
2018-07-04 11:35:02,6.75,25.88,16.59
2018-07-04 11:40:09,6.75,25.89,18.8
2018-07-04 11:45:16,6.75,25.91,18.45
2018-07-04 11:50:22,6.76,25.92,18.49
2018-07-04 11:55:29,6.75,25.93,19.89
2018-07-04 12:00:36,6.76,25.92,19.06
2018-07-04 12:05:43,6.75,25.93,21.54
2018-07-04 12:10:50,6.76,25.93,17.48
2018-07-04 12:15:59,6.76,25.93,15.41
2018-07-04 12:21:06,6.76,25.94,13.65
2018-07-04 12:26:13,6.76,25.94,14.34
2018-07-04 12:31:20,6.76,25.94,14.47
2018-07-04 12:36:27,6.76,25.94,14.9
2018-07-04 12:41:34,6.76,25.94,14.29
2018-07-04 12:46:41,6.76,25.94,16.01
2018-07-04 12:51:48,6.76,25.95,18.81
2018-07-04 12:56:55,6.77,25.97,17.3
2018-07-04 13:02:02,6.77,25.97,22.83
2018-07-04 13:07:09,6.76,25.99,22.63
2018-07-04 13:12:16,6.77,25.99,18.63
2018-07-04 13:17:25,6.76,26.0,15.8
2018-07-04 13:22:32,6.77,26.0,11.87
2018-07-04 13:27:39,6.77,26.0,10.87
2018-07-04 13:32:46,6.77,26.0,11.07
2018-07-04 13:37:53,6.77,26.0,11.82
2018-07-04 13:43:00,6.77,26.0,10.59
2018-07-04 13:48:07,6.77,26.0,10.44
2018-07-04 13:53:14,6.77,26.0,10.57
2018-07-04 13:58:20,6.77,26.0,10.92
2018-07-04 14:03:27,6.77,26.0,12.38
2018-07-04 14:08:34,6.78,26.01,11.56
2018-07-04 14:13:41,6.78,26.02,10.09
2018-07-04 14:18:50,6.78,26.02,8.65
2018-07-04 14:23:57,6.78,26.03,8.89
2018-07-04 14:29:04,6.78,26.04,7.49
2018-07-04 14:34:11,6.79,26.04,6.06
2018-07-04 14:39:18,6.79,26.05,7.68
2018-07-04 14:44:25,6.79,26.06,6.78
2018-07-04 14:49:32,6.79,26.06,6.78
2018-07-04 14:54:39,6.79,26.06,6.87
2018-07-04 14:59:46,6.79,26.06,7.08
2018-07-04 15:04:53,6.79,26.06,5.26
2018-07-04 15:10:00,6.8,26.06,7.13
2018-07-04 15:15:08,6.8,26.06,7.36
2018-07-04 15:20:15,6.8,26.06,9.75
2018-07-04 15:25:22,6.8,26.06,9.78
2018-07-04 15:30:29,6.8,26.06,11.89
2018-07-04 15:35:36,6.8,26.06,10.1
2018-07-04 15:40:43,6.81,26.06,11.53
2018-07-04 15:45:50,6.81,26.06,11.88
2018-07-04 15:50:57,6.81,26.07,11.0
2018-07-04 15:56:04,6.81,26.06,12.13
2018-07-04 16:01:11,6.81,26.07,11.93
2018-07-04 16:06:18,6.81,26.07,15.86
2018-07-04 16:11:25,6.81,26.08,24.88
2018-07-04 16:16:34,6.81,26.07,30.03
2018-07-04 16:21:41,6.82,26.1,51.05
2018-07-04 16:26:48,6.82,26.09,64.09
2018-07-04 16:31:55,6.82,26.1,33.59
2018-07-04 16:37:02,6.82,26.11,25.12
2018-07-04 16:42:09,6.82,26.11,44.84
2018-07-04 16:47:16,6.82,26.12,53.05
2018-07-04 16:52:23,6.82,26.12,34.68
2018-07-04 16:57:30,6.82,26.12,20.23
2018-07-04 17:02:37,6.82,26.12,16.02
2018-07-04 17:07:44,6.82,26.12,12.68
2018-07-04 17:12:50,6.82,26.12,10.68
2018-07-04 17:17:59,6.83,26.12,11.49
2018-07-04 17:23:06,6.82,26.12,8.4
2018-07-04 17:28:13,6.83,26.12,10.46
2018-07-04 17:33:20,6.83,26.12,9.03
2018-07-04 17:38:27,6.83,26.12,9.32
2018-07-04 17:43:34,6.83,26.12,8.52
2018-07-04 17:48:41,6.83,26.13,7.16
2018-07-04 17:53:48,6.83,26.12,10.27
2018-07-04 17:58:55,6.83,26.13,9.14
2018-07-04 18:04:02,6.83,26.12,7.19
2018-07-04 18:09:09,6.83,26.13,6.84
2018-07-04 18:14:16,6.84,26.13,4.66
2018-07-04 18:19:24,6.84,26.13,6.25
2018-07-04 18:24:31,6.84,26.13,4.16
2018-07-04 18:29:38,6.84,26.13,2.79
2018-07-04 18:34:45,6.84,26.14,1.81
2018-07-04 18:39:52,6.83,26.14,0.88
2018-07-04 18:44:59,6.84,26.14,1.56
2018-07-04 18:50:06,6.84,26.14,2.2
2018-07-04 18:55:13,6.84,26.14,3.15
2018-07-04 19:00:20,6.84,26.14,4.88
2018-07-04 19:05:27,6.84,26.15,2.36
2018-07-04 19:10:34,6.84,26.15,2.33
2018-07-04 19:15:43,6.84,26.15,2.58
2018-07-04 19:20:50,6.84,26.15,2.63
2018-07-04 19:25:57,6.84,26.16,4.82
2018-07-04 19:31:04,6.84,26.16,4.43
2018-07-04 19:36:11,6.85,26.17,4.27
2018-07-04 19:41:18,6.84,26.15,2.45
2018-07-04 19:46:24,6.85,26.16,1.75
2018-07-04 19:51:31,6.84,26.17,1.92
2018-07-04 19:56:38,6.85,26.16,3.41
2018-07-04 20:01:45,6.84,26.16,1.98
2018-07-04 20:06:52,6.85,26.16,0.88
2018-07-04 20:11:59,6.85,26.16,0.63
2018-07-04 20:17:08,6.85,26.16,0.39
2018-07-04 20:22:15,6.85,26.16,1.86
2018-07-04 20:27:22,6.85,26.16,0
2018-07-04 20:32:29,6.85,26.17,0
2018-07-04 20:37:36,6.85,26.17,0
2018-07-04 20:42:43,6.85,26.18,0
2018-07-04 20:47:50,6.85,26.17,0
2018-07-04 20:52:56,6.85,26.18,0
2018-07-04 20:58:03,6.85,26.17,0
2018-07-04 21:03:10,6.85,26.17,0
2018-07-04 21:08:17,6.85,26.18,0
2018-07-04 21:13:24,6.85,26.17,0
2018-07-04 21:18:32,6.85,26.18,0
2018-07-04 21:23:39,6.85,26.18,0
2018-07-04 21:28:46,6.85,26.17,0
2018-07-04 21:33:53,6.85,26.17,0
2018-07-04 21:39:00,6.85,26.18,0
2018-07-04 21:44:07,6.85,26.18,0
2018-07-04 21:49:13,6.85,26.17,0
2018-07-04 21:54:20,6.85,26.17,0
2018-07-04 21:59:27,6.85,26.17,0
2018-07-04 22:04:34,6.85,26.17,0
2018-07-04 22:09:40,6.85,26.17,0
2018-07-04 22:14:47,6.85,26.16,0
2018-07-04 22:19:56,6.85,26.16,0
2018-07-04 22:25:02,6.85,26.17,0
2018-07-04 22:30:09,6.85,26.17,0
2018-07-04 22:35:16,6.84,26.16,0
2018-07-04 22:40:23,6.84,26.15,0
2018-07-04 22:45:30,6.84,26.16,0
2018-07-04 22:50:36,6.85,26.16,0
2018-07-04 22:55:43,6.85,26.17,0
2018-07-04 23:00:50,6.85,26.17,0
2018-07-04 23:05:57,6.85,26.16,0
2018-07-04 23:11:04,6.85,26.15,0
2018-07-04 23:16:12,6.85,26.15,0
2018-07-04 23:21:19,6.85,26.16,0
2018-07-04 23:26:26,6.85,26.15,0
2018-07-04 23:31:32,6.85,26.15,0
2018-07-04 23:36:39,6.85,26.14,0
2018-07-04 23:41:46,6.85,26.15,0
2018-07-04 23:46:53,6.85,26.14,0
2018-07-04 23:51:59,6.84,26.13,0
2018-07-04 23:57:06,6.84,26.15,0
2018-07-05 00:02:13,6.85,26.14,0
2018-07-05 00:07:20,6.85,26.14,0
2018-07-05 00:12:26,6.84,26.12,0
2018-07-05 00:17:35,6.84,26.14,0
2018-07-05 00:22:42,6.84,26.15,0
2018-07-05 00:27:49,6.84,26.14,0
2018-07-05 00:32:55,6.84,26.14,0
2018-07-05 00:38:02,6.84,26.13,0
2018-07-05 00:43:09,6.84,26.14,0
2018-07-05 00:48:16,6.84,26.13,0
2018-07-05 00:53:23,6.85,26.14,0
2018-07-05 00:58:29,6.84,26.13,0
2018-07-05 01:03:36,6.84,26.13,0
2018-07-05 01:08:43,6.84,26.13,0
2018-07-05 01:13:50,6.84,26.13,0
2018-07-05 01:18:59,6.84,26.13,0
2018-07-05 01:24:06,6.84,26.13,0
2018-07-05 01:29:12,6.84,26.14,0
2018-07-05 01:34:19,6.84,26.13,0
2018-07-05 01:39:26,6.84,26.13,0
2018-07-05 01:44:33,6.84,26.13,0
2018-07-05 01:49:40,6.84,26.12,0
2018-07-05 01:54:46,6.84,26.13,0
2018-07-05 01:59:53,6.84,26.12,0
2018-07-05 02:05:00,6.84,26.13,0
2018-07-05 02:10:07,6.84,26.12,0
2018-07-05 02:15:13,6.84,26.12,0
2018-07-05 02:20:22,6.84,26.12,0
2018-07-05 02:25:29,6.84,26.13,0
2018-07-05 02:30:36,6.84,26.12,0
2018-07-05 02:35:42,6.84,26.13,0
2018-07-05 02:40:49,6.84,26.13,0
2018-07-05 02:45:56,6.84,26.12,0
2018-07-05 02:51:03,6.84,26.13,0
2018-07-05 02:56:10,6.84,26.12,0
2018-07-05 03:01:17,6.84,26.13,0
2018-07-05 03:06:23,6.84,26.13,0
2018-07-05 03:11:30,6.84,26.12,0
2018-07-05 03:16:39,6.84,26.12,0
2018-07-05 03:21:46,6.84,26.12,0
2018-07-05 03:26:52,6.84,26.12,0
2018-07-05 03:31:59,6.84,26.12,0
2018-07-05 03:37:06,6.84,26.12,0
2018-07-05 03:42:13,6.85,26.12,0
2018-07-05 03:47:20,6.84,26.12,0
2018-07-05 03:52:27,6.84,26.13,0
2018-07-05 03:57:33,6.84,26.12,0
2018-07-05 04:02:40,6.85,26.12,0
2018-07-05 04:07:47,6.85,26.12,0
2018-07-05 04:12:54,6.85,26.12,0
2018-07-08 21:59:56,6.78,24.31,48.85
2018-07-08 22:05:03,6.78,24.29,31.87
2018-07-08 22:10:10,6.77,24.26,1.98
2018-07-08 22:15:17,6.77,24.26,1.98
2018-07-08 22:20:24,6.76,24.25,1.98
2018-07-08 22:25:31,6.76,24.25,1.98
2018-07-08 22:30:38,6.76,24.25,1.98
2018-07-08 22:35:45,6.75,24.25,1.98
2018-07-08 22:40:52,6.74,24.25,1.96
2018-07-08 22:45:59,6.74,24.25,1.93
2018-07-08 22:51:06,6.74,24.24,1.93
2018-07-08 22:56:15,6.74,24.24,1.93
2018-07-08 23:01:22,6.72,24.22,1.93
2018-07-08 23:06:29,6.73,24.21,1.93
2018-07-08 23:11:36,6.73,24.2,1.93
2018-07-08 23:16:43,6.72,24.2,1.93
2018-07-08 23:21:50,6.72,24.2,1.93
2018-07-08 23:26:57,6.72,24.2,1.93
2018-07-08 23:32:04,6.71,24.2,1.93
2018-07-08 23:37:11,6.71,24.21,1.93
2018-07-08 23:42:18,6.71,24.2,1.93
2018-07-08 23:47:25,6.7,24.19,1.93
2018-07-08 23:52:32,6.7,24.2,1.93
2018-07-08 23:57:40,6.7,24.19,1.93
2018-07-09 00:02:47,6.7,24.2,1.93
2018-07-09 00:07:54,6.7,24.19,1.93
2018-07-09 00:13:01,6.7,24.2,1.93
2018-07-09 00:18:08,6.7,24.2,1.93
2018-07-09 00:23:15,6.7,24.21,1.93
2018-07-09 00:28:22,6.69,24.21,1.93
2018-07-09 00:33:29,6.7,24.21,1.93
2018-07-09 00:38:36,6.69,24.22,1.93
2018-07-09 00:43:43,6.7,24.22,1.93
2018-07-09 00:48:50,6.69,24.22,1.93
2018-07-09 00:53:57,6.69,24.23,1.93
2018-07-09 00:59:06,6.69,24.24,1.93
2018-07-09 01:04:13,6.69,24.23,1.93
2018-07-09 01:09:20,6.7,24.24,1.93
2018-07-09 01:14:27,6.7,24.25,1.93
2018-07-09 01:19:34,6.7,24.25,1.93
2018-07-09 01:24:40,6.69,24.25,1.93
2018-07-09 01:29:47,6.69,24.25,1.93
2018-07-09 01:34:54,6.69,24.25,1.93
2018-07-09 01:40:01,6.7,24.25,1.93
2018-07-09 01:45:08,6.69,24.25,1.93
2018-07-09 01:50:15,6.69,24.25,1.93
2018-07-09 01:55:22,6.69,24.25,1.93
2018-07-09 02:00:31,6.69,24.25,1.93
2018-07-09 02:05:38,6.69,24.25,1.93
2018-07-09 02:10:45,6.69,24.25,1.93
2018-07-09 02:15:52,6.7,24.25,1.93
2018-07-09 02:20:59,6.69,24.25,1.93
2018-07-09 02:26:06,6.69,24.25,1.93
2018-07-09 02:31:13,6.69,24.26,1.93
2018-07-09 02:36:20,6.69,24.26,1.93
2018-07-09 02:41:27,6.69,24.27,1.93
2018-07-09 02:46:34,6.7,24.28,1.93
2018-07-09 02:51:40,6.69,24.27,1.93
2018-07-09 02:56:50,6.69,24.29,1.93
2018-07-09 03:01:57,6.69,24.29,1.93
2018-07-09 03:07:04,6.7,24.3,1.93
2018-07-09 03:12:11,6.7,24.31,1.93
2018-07-09 03:17:18,6.7,24.31,1.93
2018-07-09 03:22:24,6.7,24.29,1.93
2018-07-09 03:27:31,6.7,24.31,1.93
2018-07-09 03:32:38,6.7,24.31,1.93
2018-07-09 03:37:45,6.7,24.31,1.93
2018-07-09 03:42:52,6.7,24.31,1.93
2018-07-09 03:47:59,6.7,24.31,1.93
2018-07-09 03:53:06,6.7,24.31,1.93
2018-07-09 03:58:15,6.7,24.31,1.93
2018-07-09 04:03:22,6.7,24.31,1.93
2018-07-09 04:08:29,6.7,24.31,1.93
2018-07-09 04:13:36,6.7,24.31,1.93
2018-07-09 04:18:43,6.7,24.31,1.93
2018-07-09 04:23:50,6.7,24.31,1.93
2018-07-09 04:28:57,6.71,24.31,1.93
2018-07-09 04:34:04,6.71,24.31,1.93
2018-07-09 04:39:11,6.71,24.31,1.93
2018-07-09 04:44:18,6.71,24.31,1.93
2018-07-09 04:49:25,6.71,24.31,1.93
2018-07-09 04:54:32,6.71,24.31,1.93
2018-07-09 04:59:40,6.71,24.31,1.93
2018-07-09 05:04:47,6.71,24.31,1.93
2018-07-09 05:09:54,6.71,24.31,1.93
2018-07-09 05:15:01,6.72,24.31,1.93
2018-07-09 05:20:08,6.71,24.31,1.93
2018-07-09 05:25:15,6.72,24.31,1.93
2018-07-09 05:30:22,6.71,24.31,1.93
2018-07-09 05:35:29,6.71,24.31,1.93
2018-07-09 05:40:36,6.72,24.31,2.55
2018-07-09 05:45:43,6.72,24.31,3.86
2018-07-09 05:50:50,6.72,24.31,3.86
2018-07-09 05:55:57,6.72,24.31,2.69
2018-07-09 06:01:06,6.72,24.32,0.88
2018-07-09 06:06:13,6.72,24.31,1.81
2018-07-09 06:11:20,6.72,24.31,3.25
2018-07-09 06:16:27,6.72,24.31,3.25
2018-07-09 06:21:34,6.72,24.32,3.25
2018-07-09 06:26:41,6.72,24.32,20.68
2018-07-09 06:31:48,6.72,24.32,54.09
2018-07-09 06:36:55,6.72,24.31,54.87
2018-07-09 06:42:02,6.72,24.33,51.94
2018-07-09 06:47:09,6.72,24.33,4.67
2018-07-09 06:52:16,6.72,24.32,5.46
2018-07-09 06:57:24,6.72,24.33,5.46
2018-07-09 07:02:31,6.72,24.34,5.46
2018-07-09 07:07:38,6.72,24.33,4.09
2018-07-09 07:12:45,6.72,24.33,3.76
2018-07-09 07:17:52,6.73,24.33,4.19
2018-07-09 07:22:59,6.73,24.34,4.19
2018-07-09 07:28:06,6.73,24.33,4.19
2018-07-09 07:33:13,6.73,24.33,4.19
2018-07-09 07:38:20,6.73,24.34,4.52
2018-07-09 07:43:27,6.73,24.33,6.51
2018-07-09 07:48:34,6.73,24.33,6.51
2018-07-09 07:53:41,6.74,24.36,6.37
2018-07-09 07:58:42,6.74,24.33,2.63
2018-07-09 08:03:49,6.74,24.33,2.63
2018-07-09 08:08:56,6.74,24.32,4.13
2018-07-09 08:14:03,6.75,24.32,5.1
2018-07-09 08:19:10,6.75,24.32,5.1
2018-07-09 08:24:17,6.75,24.32,6.66
2018-07-09 08:29:24,6.75,24.31,6.08
2018-07-09 08:34:31,6.75,24.31,3.62
2018-07-09 08:39:38,6.76,24.31,2.99
2018-07-09 08:44:45,6.76,24.3,3.51
2018-07-09 08:49:52,6.76,24.28,38.59
2018-07-09 08:54:59,6.76,24.25,42.97
2018-07-09 10:05:27,6.75,24.0,31.69
2018-07-09 10:10:34,6.75,23.96,46.53
2018-07-09 10:15:41,6.75,23.94,36.99
2018-07-09 10:20:48,6.75,23.91,31.7
2018-07-09 10:25:55,6.74,23.87,32.63
2018-07-09 10:31:02,6.74,23.88,32.89
2018-07-09 10:36:09,6.73,23.87,32.4
2018-07-09 10:41:16,6.73,23.87,32.35
2018-07-09 10:46:22,6.72,23.86,29.9
2018-07-09 10:51:29,6.72,23.86,7.58
2018-07-09 10:56:36,6.72,23.86,7.45
2018-07-09 11:01:47,6.72,23.85,8.47
2018-07-09 11:06:54,6.71,23.85,8.87
2018-07-09 11:12:01,6.71,23.86,8.58
2018-07-09 11:17:08,6.71,23.86,9.96
2018-07-09 11:22:15,6.71,23.86,9.55
2018-07-09 11:27:22,6.71,23.87,10.88
2018-07-09 11:32:29,6.71,23.87,10.53
2018-07-09 11:37:36,6.71,23.88,11.82
2018-07-09 11:42:43,6.71,23.88,11.57
2018-07-09 11:47:50,6.71,23.88,12.58
2018-07-09 11:52:57,6.71,23.88,12.64
2018-07-09 11:58:04,6.71,23.88,13.12
2018-07-09 12:03:12,6.72,23.88,14.18
2018-07-09 12:08:19,6.72,23.88,14.15
2018-07-09 12:13:26,6.72,23.88,14.67
2018-07-09 12:18:33,6.72,23.9,15.59
2018-07-09 12:23:40,6.72,23.91,15.39
2018-07-09 12:28:47,6.72,23.92,16.06
2018-07-09 12:33:54,6.72,23.93,16.17
2018-07-09 12:39:02,6.73,23.93,16.27
2018-07-09 12:44:09,6.73,23.94,16.17
2018-07-09 12:49:16,6.73,23.94,14.84
2018-07-09 12:54:23,6.73,23.94,15.29
2018-07-09 12:59:30,6.74,23.94,16.13
2018-07-09 13:04:39,6.74,23.96,15.54
2018-07-09 13:09:46,6.74,23.98,14.42
2018-07-09 13:14:53,6.74,23.99,11.92
2018-07-09 13:20:00,6.74,24.0,9.57
2018-07-09 13:25:07,6.75,24.0,9.18
2018-07-09 13:30:14,6.75,24.0,8.99
2018-07-09 13:35:20,6.75,24.0,9.04
2018-07-09 13:40:27,6.76,24.02,8.99
2018-07-09 13:45:34,6.76,24.04,8.99
2018-07-09 13:50:41,6.76,24.06,9.06
2018-07-09 13:55:48,6.76,24.06,9.06
2018-07-09 14:00:55,6.77,24.06,9.23
2018-07-09 14:06:04,6.77,24.06,10.83
2018-07-09 14:11:11,6.77,24.06,14.02
2018-07-09 14:16:18,6.77,24.06,18.96
2018-07-09 14:21:25,6.78,24.08,24.38
2018-07-09 14:26:32,6.77,24.09,26.99
2018-07-09 14:31:39,6.77,24.12,26.8
2018-07-09 14:36:46,6.78,24.12,29.31
2018-07-09 14:41:53,6.78,24.12,30.65
2018-07-09 14:47:00,6.78,24.12,30.77
2018-07-09 14:52:07,6.78,24.13,32.57
2018-07-09 14:57:14,6.78,24.14,35.27
2018-07-09 15:02:22,6.79,24.17,38.43
2018-07-09 15:07:29,6.79,24.19,41.96
2018-07-09 15:12:36,6.79,24.19,46.55
2018-07-09 15:17:43,6.79,24.19,51.76
2018-07-09 15:22:50,6.8,24.19,55.59
2018-07-09 15:27:57,6.8,24.2,59.24
2018-07-09 15:33:04,6.8,24.22,61.65
2018-07-09 15:38:11,6.81,24.24,69.27
2018-07-09 15:43:18,6.81,24.25,78.33
2018-07-09 15:48:25,6.81,24.25,83.53
2018-07-09 15:53:32,6.81,24.25,88.83
2018-07-09 15:58:39,6.82,24.28,95.43
2018-07-09 16:03:48,6.82,24.3,108.68
2018-07-09 16:08:55,6.82,24.31,116.44
2018-07-09 16:14:02,6.83,24.31,117.31
2018-07-09 16:19:09,6.83,24.33,119.0
2018-07-09 16:24:16,6.83,24.34,121.24
2018-07-09 16:29:23,6.83,24.37,119.44
2018-07-09 16:34:30,6.84,24.38,104.73
2018-07-09 16:39:37,6.84,24.38,76.21
2018-07-09 16:44:44,6.84,24.38,51.69
2018-07-09 16:49:50,6.84,24.4,40.04
2018-07-09 16:54:57,6.84,24.43,24.56
2018-07-09 17:00:04,6.85,24.44,12.51
2018-07-09 17:05:14,6.85,24.44,7.64
2018-07-09 17:10:21,6.85,24.44,6.92
2018-07-09 17:15:28,6.85,24.44,8.74
2018-07-09 17:20:35,6.85,24.46,6.39
2018-07-09 17:25:42,6.86,24.48,5.27
2018-07-09 17:30:49,6.86,24.5,5.44
2018-07-09 17:35:56,6.86,24.5,4.82
2018-07-09 17:41:02,6.86,24.5,4.97
2018-07-09 17:46:09,6.86,24.51,4.28
2018-07-09 17:51:16,6.87,24.51,5.11
2018-07-09 17:56:23,6.87,24.52,3.83
2018-07-09 18:01:30,6.87,24.54,5.02
2018-07-09 18:06:39,6.87,24.56,4.23
2018-07-09 18:11:46,6.87,24.56,5.09
2018-07-09 18:16:53,6.87,24.56,3.6
2018-07-09 18:22:00,6.87,24.56,5.26
2018-07-09 18:27:07,6.88,24.56,5.1
2018-07-09 18:32:14,6.88,24.57,4.42
2018-07-09 18:37:21,6.88,24.58,5.85
2018-07-09 18:42:28,6.88,24.58,4.19
2018-07-09 18:47:35,6.88,24.6,3.95
2018-07-09 18:52:41,6.88,24.62,5.46
2018-07-09 18:57:48,6.88,24.62,5.46
2018-07-09 19:02:57,6.88,24.62,5.46
2018-07-09 19:08:04,6.88,24.62,4.04
2018-07-09 19:13:11,6.88,24.62,3.25
2018-07-09 19:18:18,6.88,24.62,3.25
2018-07-09 19:23:25,6.88,24.62,3.25
2018-07-09 19:28:32,6.88,24.62,3.25
2018-07-09 19:33:39,6.89,24.62,3.25
2018-07-09 19:38:46,6.88,24.62,3.25
2018-07-09 19:43:53,6.88,24.62,3.25
2018-07-09 19:49:00,6.88,24.62,1.73
2018-07-09 19:54:07,6.88,24.63,0.88
2018-07-09 19:59:14,6.88,24.63,0.88
2018-07-09 20:04:22,6.88,24.63,0.88
2018-07-09 20:09:29,6.88,24.63,0.88
2018-07-09 20:14:36,6.88,24.64,1.2
2018-07-09 20:19:43,6.89,24.64,3.45
2018-07-09 20:24:50,6.88,24.65,1.93
2018-07-09 20:29:57,6.88,24.66,1.93
2018-07-09 20:35:04,6.88,24.66,1.93
2018-07-09 20:40:11,6.88,24.67,1.93
2018-07-09 20:45:18,6.88,24.66,1.93
2018-07-09 20:50:25,6.88,24.68,1.93
2018-07-09 20:55:32,6.88,24.68,1.93
2018-07-09 21:00:39,6.88,24.69,1.93
2018-07-09 21:05:41,6.88,24.68,1.93
2018-07-09 21:10:48,6.88,24.69,1.93
2018-07-09 21:15:55,6.88,24.69,1.93
2018-07-09 21:21:02,6.88,24.69,1.93
2018-07-09 21:26:09,6.88,24.69,1.93
2018-07-09 21:31:16,6.88,24.69,1.93
2018-07-09 21:36:23,6.88,24.69,1.93
2018-07-09 21:41:30,6.88,24.69,1.93
2018-07-09 21:46:37,6.88,24.69,1.93
2018-07-09 21:51:44,6.88,24.7,1.93
2018-07-09 21:56:51,6.88,24.7,1.93
2018-07-09 22:01:58,6.88,24.71,1.93
2018-07-09 22:07:09,6.88,24.7,1.93
2018-07-09 22:12:16,6.88,24.71,1.93
2018-07-09 22:17:22,6.88,24.72,1.93
2018-07-09 22:22:29,6.88,24.73,1.93
2018-07-09 22:27:36,6.88,24.74,1.93
2018-07-09 22:32:43,6.87,24.75,1.93
2018-07-09 22:37:50,6.88,24.74,1.93
2018-07-09 22:42:57,6.87,24.75,1.93
2018-07-09 22:48:04,6.87,24.75,1.93
2018-07-09 22:53:12,6.87,24.75,1.93
2018-07-09 22:58:19,6.87,24.75,1.93
2018-07-09 23:03:28,6.87,24.75,1.93
2018-07-09 23:08:34,6.87,24.75,1.93
2018-07-09 23:13:41,6.87,24.75,1.93
2018-07-09 23:18:48,6.87,24.75,1.93
2018-07-09 23:23:55,6.87,24.75,1.93
2018-07-09 23:29:02,6.86,24.75,1.93
2018-07-09 23:34:09,6.86,24.75,1.93
2018-07-09 23:39:16,6.86,24.75,1.93
2018-07-09 23:44:23,6.86,24.75,1.93
2018-07-09 23:49:30,6.86,24.76,1.93
2018-07-09 23:54:37,6.86,24.75,1.93
2018-07-09 23:59:44,6.86,24.75,1.93
2018-07-10 00:04:53,6.86,24.77,1.93
2018-07-10 00:10:00,6.86,24.77,1.93
2018-07-10 00:15:07,6.86,24.78,1.93
2018-07-10 00:20:14,6.86,24.78,1.93
2018-07-10 00:25:21,6.86,24.79,1.93
2018-07-10 00:30:28,6.86,24.8,1.93
2018-07-10 00:35:35,6.86,24.8,1.93
2018-07-10 00:40:42,6.86,24.81,1.93
2018-07-10 00:45:49,6.86,24.81,1.93
2018-07-10 00:50:56,6.86,24.81,1.93
2018-07-10 00:56:03,6.86,24.81,1.93
2018-07-10 01:01:10,6.86,24.81,1.93
2018-07-10 01:06:19,6.86,24.81,1.93
2018-07-10 01:11:26,6.86,24.81,1.93
2018-07-10 01:16:33,6.86,24.81,1.93
2018-07-10 01:21:40,6.86,24.81,1.93
2018-07-10 01:26:46,6.86,24.81,1.93
2018-07-10 01:31:53,6.86,24.81,1.93
2018-07-10 01:37:00,6.86,24.81,1.93
2018-07-10 01:42:07,6.86,24.81,1.93
2018-07-10 01:47:14,6.86,24.81,1.93
2018-07-10 01:52:21,6.86,24.81,1.93
2018-07-10 01:57:28,6.86,24.81,1.93
2018-07-10 02:02:35,6.86,24.82,1.93
2018-07-10 02:07:44,6.86,24.82,1.93
2018-07-10 02:12:51,6.86,24.81,1.93
2018-07-10 02:17:58,6.86,24.82,1.93
2018-07-10 02:23:05,6.86,24.81,1.93
2018-07-10 02:28:12,6.86,24.81,1.93
2018-07-10 02:33:19,6.86,24.82,1.93
2018-07-10 02:38:26,6.86,24.82,1.93
2018-07-10 02:43:33,6.86,24.83,1.93
2018-07-10 02:48:40,6.86,24.83,1.93
2018-07-10 02:53:47,6.86,24.83,1.93
2018-07-10 02:58:54,6.86,24.84,1.93
2018-07-10 03:04:03,6.86,24.84,1.93
2018-07-10 03:09:10,6.86,24.84,1.93
2018-07-10 03:14:16,6.86,24.85,1.93
2018-07-10 03:19:23,6.86,24.85,1.93
2018-07-10 03:24:30,6.86,24.84,1.93
2018-07-10 03:29:37,6.86,24.86,1.93
2018-07-10 03:34:44,6.86,24.86,1.93
2018-07-10 03:39:51,6.86,24.86,1.93
2018-07-10 03:44:58,6.86,24.86,1.93
2018-07-10 03:50:05,6.86,24.86,1.93
2018-07-10 03:55:12,6.87,24.86,1.93
2018-07-10 04:00:19,6.86,24.86,1.93
2018-07-10 04:05:28,6.86,24.87,1.93
2018-07-10 04:10:35,6.86,24.87,1.93
2018-07-10 04:15:42,6.87,24.87,1.93
2018-07-10 04:20:49,6.86,24.87,1.93
2018-07-10 04:25:56,6.86,24.86,1.93
2018-07-10 04:31:03,6.86,24.87,1.93
2018-07-10 04:36:10,6.87,24.86,1.93
2018-07-10 04:41:17,6.87,24.87,1.93
2018-07-10 04:46:24,6.87,24.87,1.93
2018-07-10 04:51:31,6.87,24.87,1.93
2018-07-10 04:56:38,6.87,24.87,1.93
2018-07-10 05:01:45,6.87,24.87,1.93
2018-07-10 05:06:55,6.87,24.87,1.93
2018-07-10 05:12:02,6.87,24.86,1.93
2018-07-10 05:17:08,6.87,24.87,1.93
2018-07-10 05:22:15,6.87,24.88,1.93
2018-07-10 05:27:22,6.87,24.87,1.93
2018-07-10 05:32:29,6.87,24.87,1.93
2018-07-10 05:37:36,6.87,24.87,1.93
2018-07-10 05:42:43,6.87,24.87,1.93
2018-07-10 05:47:50,6.87,24.87,2.41
2018-07-10 05:52:57,6.87,24.87,3.86
2018-07-10 05:58:04,6.87,24.86,3.86
2018-07-10 06:03:11,6.87,24.86,1.3
2018-07-10 06:08:15,6.87,24.87,0.88
2018-07-10 06:13:22,6.87,24.87,0.88
2018-07-10 06:18:29,6.87,24.87,0.88
2018-07-10 06:23:36,6.87,24.86,0.88
2018-07-10 06:28:43,6.87,24.86,0.88
2018-07-10 06:33:50,6.87,24.86,0.88
2018-07-10 06:38:57,6.87,24.87,1.39
2018-07-10 06:44:04,6.87,24.86,3.25
2018-07-10 06:49:12,6.87,24.86,3.25
2018-07-10 06:54:19,6.87,24.87,3.25
2018-07-10 06:59:26,6.87,24.86,3.25
2018-07-10 07:04:35,6.88,24.86,4.36
2018-07-10 07:09:42,6.87,24.86,4.53
2018-07-10 07:14:49,6.88,24.86,1.75
2018-07-10 07:19:56,6.88,24.85,1.75
2018-07-10 07:25:03,6.87,24.86,1.75
2018-07-10 07:30:10,6.88,24.85,1.84
2018-07-10 07:35:17,6.88,24.85,4.19
2018-07-10 07:40:24,6.87,24.85,4.19
2018-07-10 07:45:31,6.88,24.86,4.19
2018-07-10 07:50:38,6.88,24.86,4.19
2018-07-10 07:55:45,6.87,24.85,3.87
2018-07-10 08:00:52,6.88,24.85,1.46
2018-07-10 08:06:01,6.88,24.86,2.63
2018-07-10 08:11:08,6.88,24.85,2.63
2018-07-10 08:16:15,6.87,24.85,2.63
2018-07-10 08:21:22,6.88,24.85,3.34
2018-07-10 08:26:29,6.88,24.85,5.1
2018-07-10 08:31:36,6.88,24.85,3.59
2018-07-10 08:36:43,6.88,24.86,2.54
2018-07-10 08:41:50,6.88,24.86,3.51
2018-07-10 08:46:57,6.87,24.86,3.95
2018-07-10 08:52:04,6.88,24.85,2.96
2018-07-10 08:57:10,6.88,24.86,4.05
2018-07-10 09:02:17,6.88,24.85,3.68
2018-07-10 09:07:26,6.88,24.86,3.68
2018-07-10 09:12:33,6.88,24.86,4.51
2018-07-10 09:17:40,6.88,24.85,4.02
2018-07-10 09:22:47,6.88,24.85,4.32
2018-07-10 09:27:54,6.88,24.85,4.79
2018-07-10 09:33:01,6.88,24.85,3.73
2018-07-10 09:38:08,6.88,24.86,4.41
2018-07-10 09:43:15,6.88,24.85,3.69
2018-07-10 09:48:22,6.88,24.85,3.94
2018-07-10 09:53:29,6.87,24.84,4.07
2018-07-10 09:58:36,6.87,24.84,4.83
2018-07-10 10:03:43,6.88,24.85,4.98
2018-07-10 10:08:51,6.88,24.84,4.71
2018-07-10 10:13:58,6.87,24.83,5.7
2018-07-10 10:19:06,6.87,24.83,5.7
2018-07-10 10:24:13,6.87,24.83,6.82
2018-07-10 10:29:20,6.87,24.83,6.0
2018-07-10 10:34:27,6.87,24.83,6.07
2018-07-10 10:39:34,6.87,24.84,6.58
2018-07-10 10:44:41,6.87,24.84,6.98
2018-07-10 10:49:48,6.87,24.84,8.0
2018-07-10 10:54:55,6.87,24.84,7.36
2018-07-10 11:00:02,6.87,24.84,8.17
2018-07-10 11:05:11,6.87,24.85,8.92
2018-07-10 11:10:18,6.87,24.85,8.38
2018-07-10 11:15:25,6.87,24.85,9.75
2018-07-10 11:20:32,6.87,24.86,9.51
2018-07-10 11:25:39,6.87,24.85,10.58
2018-07-10 11:30:46,6.87,24.87,10.71
2018-07-10 11:35:53,6.87,24.87,11.2
2018-07-10 11:41:00,6.87,24.88,11.48
2018-07-10 11:46:06,6.87,24.88,12.43
2018-07-10 11:51:13,6.87,24.88,12.86
2018-07-10 11:56:20,6.87,24.88,13.26
2018-07-10 12:01:27,6.87,24.88,13.78
2018-07-10 12:06:36,6.87,24.88,14.19
2018-07-10 12:11:43,6.87,24.88,14.93
2018-07-10 12:16:50,6.87,24.88,14.92
2018-07-10 12:21:57,6.87,24.89,15.32
2018-07-10 12:27:04,6.87,24.91,16.41
2018-07-10 12:32:11,6.88,24.92,16.63
2018-07-10 12:37:18,6.87,24.93,16.33
2018-07-10 12:42:25,6.87,24.94,15.73
2018-07-10 12:47:32,6.88,24.94,15.86
2018-07-10 12:52:39,6.87,24.94,16.43
2018-07-10 12:57:46,6.88,24.94,16.61
2018-07-10 13:02:52,6.88,24.94,15.14
2018-07-10 13:08:01,6.88,24.96,14.92
2018-07-10 13:13:08,6.88,24.98,12.45
2018-07-10 13:18:15,6.88,24.99,10.05
2018-07-10 13:23:22,6.88,25.0,9.21
2018-07-10 13:28:29,6.88,25.0,8.99
2018-07-10 13:33:36,6.89,25.0,8.76
2018-07-10 13:38:43,6.88,25.0,8.3
2018-07-10 13:43:50,6.88,25.0,8.9
2018-07-10 13:48:57,6.88,25.0,8.64
2018-07-10 13:54:04,6.89,25.0,9.27
2018-07-10 13:59:11,6.89,25.02,9.76
2018-07-10 14:04:18,6.89,25.02,9.56
2018-07-10 14:09:27,6.89,25.04,12.28
2018-07-10 14:14:34,6.89,25.06,16.73
2018-07-10 14:19:41,6.89,25.06,22.36
2018-07-10 14:24:48,6.89,25.06,24.95
2018-07-10 14:29:55,6.89,25.06,26.97
2018-07-10 14:35:02,6.89,25.06,29.51
2018-07-10 14:40:09,6.89,25.06,30.29
2018-07-10 14:45:16,6.89,25.07,32.34
2018-07-10 14:50:23,6.89,25.07,32.29
2018-07-10 14:55:30,6.89,25.07,33.35
2018-07-10 15:00:36,6.89,25.06,37.65
2018-07-10 15:05:45,6.89,25.06,40.91
2018-07-10 15:10:52,6.88,25.06,46.56
2018-07-10 15:15:59,6.87,25.04,50.48
2018-07-10 15:21:06,6.87,25.04,54.58
2018-07-10 15:26:13,6.87,25.02,59.85
2018-07-10 15:31:20,6.86,25.01,59.71
2018-07-10 15:36:27,6.85,25.0,64.51
2018-07-10 15:41:34,6.84,25.0,74.72
2018-07-10 15:46:41,6.84,24.97,81.48
2018-07-10 15:51:48,6.84,24.94,87.84
2018-07-10 15:56:56,6.84,24.94,94.94
2018-07-10 16:02:02,6.83,24.94,106.42
2018-07-10 16:07:12,6.83,24.9,111.24
2018-07-10 16:12:18,6.82,24.88,118.7
2018-07-10 16:17:25,6.82,24.88,118.71
2018-07-10 16:22:32,6.81,24.86,120.1
2018-07-10 16:27:39,6.81,24.83,118.05
2018-07-10 16:32:46,6.81,24.81,106.81
2018-07-10 16:37:53,6.81,24.81,78.1
2018-07-10 16:43:00,6.8,24.77,63.08
2018-07-10 16:48:07,6.8,24.75,50.13
2018-07-10 16:53:14,6.8,24.74,30.33
2018-07-10 16:58:21,6.79,24.71,16.48
2018-07-10 17:03:28,6.79,24.69,13.13
2018-07-10 17:08:37,6.79,24.67,8.13
2018-07-10 17:13:44,6.79,24.64,10.07
2018-07-10 17:18:51,6.79,24.63,9.7
2018-07-10 17:23:58,6.79,24.62,6.43
2018-07-10 17:29:05,6.79,24.59,6.05
2018-07-10 17:34:12,6.78,24.57,5.59
2018-07-10 17:39:19,6.78,24.57,5.94
2018-07-10 17:44:26,6.77,24.58,5.78
2018-07-10 17:49:32,6.77,24.6,6.34
2018-07-10 17:54:39,6.77,24.62,5.62
2018-07-10 17:59:46,6.77,24.62,5.41
2018-07-10 18:04:53,6.77,24.62,6.78
2018-07-10 18:10:02,6.77,24.63,5.81
2018-07-10 18:15:09,6.77,24.62,6.67
2018-07-10 18:20:16,6.77,24.64,5.99
2018-07-10 18:25:23,6.77,24.66,6.49
2018-07-10 18:30:30,6.78,24.68,7.46
2018-07-10 18:35:37,6.78,24.69,7.46
2018-07-10 18:40:44,6.78,24.69,6.3
2018-07-10 18:45:51,6.78,24.69,5.76
2018-07-10 18:50:59,6.78,24.69,4.19
2018-07-10 18:56:06,6.79,24.71,5.25
2018-07-10 19:01:12,6.79,24.73,3.65
2018-07-10 19:06:22,6.79,24.75,3.25
2018-07-10 19:11:29,6.79,24.75,4.83
2018-07-10 19:16:36,6.8,24.75,4.53
2018-07-10 19:21:43,6.8,24.75,4.53
2018-07-10 19:26:50,6.8,24.77,4.75
2018-07-10 19:31:57,6.81,24.78,3.25
2018-07-10 19:37:04,6.81,24.81,1.9
2018-07-10 19:42:10,6.81,24.81,0.88
2018-07-10 19:47:17,6.81,24.81,2.58
2018-07-10 19:52:24,6.81,24.81,2.69
2018-07-10 19:57:31,6.82,24.82,2.69
2018-07-10 20:02:38,6.82,24.84,1.93
2018-07-10 20:07:49,6.82,24.87,1.93
2018-07-10 20:12:57,6.82,24.88,1.93
2018-07-10 20:18:04,6.82,24.88,1.93
2018-07-10 20:23:11,6.83,24.88,1.93
2018-07-10 20:28:18,6.83,24.9,1.93
2018-07-10 20:33:24,6.83,24.91,1.93
2018-07-10 20:38:31,6.83,24.93,1.93
2018-07-10 20:43:38,6.83,24.94,1.93
2018-07-10 20:48:45,6.83,24.94,1.93
2018-07-10 20:53:52,6.83,24.94,1.93
2018-07-10 20:58:59,6.83,24.95,1.93
2018-07-10 21:04:06,6.83,24.97,1.93
2018-07-10 21:09:15,6.83,25.0,1.93
2018-07-10 21:14:22,6.83,25.0,1.93
2018-07-10 21:19:29,6.83,25.0,1.93
2018-07-10 21:24:36,6.84,25.0,1.93
2018-07-10 21:29:43,6.83,25.0,1.93
2018-07-10 21:34:50,6.83,25.03,1.93
2018-07-10 21:39:57,6.83,25.06,1.93
2018-07-10 21:45:04,6.84,25.06,1.93
2018-07-10 21:50:11,6.84,25.06,1.93
2018-07-10 21:55:18,6.84,25.06,2.07
2018-07-10 22:00:25,6.84,25.07,3.86
2018-07-10 22:05:32,6.84,25.06,3.86
2018-07-10 22:10:41,6.84,25.06,3.86
2018-07-10 22:15:48,6.84,25.06,3.86
2018-07-10 22:20:55,6.84,25.06,3.86
2018-07-10 22:26:02,6.83,25.06,3.86
2018-07-10 22:31:09,6.83,25.05,3.86
2018-07-10 22:36:16,6.83,25.02,10.14
2018-07-10 22:41:23,6.82,25.0,32.4
2018-07-10 22:46:30,6.82,25.0,21.87
2018-07-10 22:51:37,6.82,24.99,2.14
2018-07-10 22:56:44,6.81,24.99,2.14
2018-07-10 23:01:50,6.81,24.98,2.11
2018-07-10 23:07:00,6.8,24.98,2.14
2018-07-10 23:12:07,6.8,24.97,2.14
2018-07-10 23:17:14,6.79,24.97,1.97
2018-07-10 23:22:21,6.79,24.98,1.93
2018-07-10 23:27:28,6.79,24.97,1.93
2018-07-10 23:32:35,6.78,24.97,1.93
2018-07-10 23:37:42,6.78,24.98,1.93
2018-07-10 23:42:49,6.78,24.98,1.93
2018-07-10 23:47:56,6.77,24.99,1.93
2018-07-10 23:53:03,6.77,24.99,1.93
2018-07-10 23:58:10,6.77,25.0,1.93
2018-07-11 00:03:18,6.76,25.0,1.93
2018-07-11 00:08:27,6.76,25.0,1.93
2018-07-11 00:13:34,6.76,25.0,1.93
2018-07-11 00:18:41,6.76,25.0,1.93
2018-07-11 00:23:48,6.76,25.0,1.93
2018-07-11 00:28:55,6.76,25.0,1.93
2018-07-11 00:34:02,6.76,25.0,1.93
2018-07-11 00:39:09,6.76,25.0,1.93
2018-07-11 00:44:16,6.76,24.99,1.93
2018-07-11 00:49:23,6.75,24.97,1.93
2018-07-11 00:54:30,6.76,24.94,1.93
2018-07-11 00:59:37,6.75,24.94,1.93
2018-07-11 01:04:44,6.75,24.94,1.93
2018-07-11 01:09:53,6.75,24.93,1.93
2018-07-11 01:15:00,6.75,24.91,1.93
2018-07-11 01:20:07,6.75,24.89,1.93
2018-07-11 01:25:14,6.75,24.88,1.93
2018-07-11 01:30:21,6.75,24.88,1.93
2018-07-11 01:35:28,6.75,24.87,1.93
2018-07-11 01:40:35,6.75,24.83,1.93
2018-07-11 01:45:42,6.75,24.81,1.93
2018-07-11 01:50:49,6.75,24.81,1.93
2018-07-11 01:55:56,6.75,24.81,1.93
2018-07-11 02:01:03,6.75,24.78,1.93
2018-07-11 02:06:10,6.75,24.75,1.93
2018-07-11 02:11:19,6.75,24.75,1.93
2018-07-11 02:16:26,6.75,24.75,1.93
2018-07-11 02:21:33,6.75,24.74,1.93
2018-07-11 02:26:40,6.75,24.74,1.93
2018-07-11 02:31:47,6.75,24.72,1.93
2018-07-11 02:36:53,6.75,24.71,1.93
2018-07-11 02:42:00,6.75,24.71,1.93
2018-07-11 02:47:07,6.75,24.71,1.93
2018-07-11 02:52:14,6.75,24.7,1.93
2018-07-11 02:57:21,6.75,24.71,1.93
2018-07-11 03:02:28,6.74,24.71,1.93
2018-07-11 03:07:37,6.74,24.71,1.93
2018-07-11 03:12:44,6.74,24.71,1.93
2018-07-11 03:17:51,6.74,24.71,1.93
2018-07-11 03:22:58,6.74,24.7,1.93
2018-07-11 03:28:05,6.74,24.69,1.93
2018-07-11 03:33:12,6.75,24.69,1.93
2018-07-11 03:38:19,6.74,24.69,1.93
2018-07-11 03:43:26,6.74,24.68,1.93
2018-07-11 03:48:33,6.75,24.67,1.93
2018-07-11 03:53:40,6.74,24.67,1.93
2018-07-11 03:58:46,6.75,24.63,1.93
2018-07-11 04:03:53,6.75,24.63,1.93
2018-07-11 04:09:02,6.75,24.62,1.93
2018-07-11 04:14:09,6.75,24.62,1.93
2018-07-11 04:19:16,6.75,24.61,1.93
2018-07-11 04:24:23,6.75,24.58,1.93
2018-07-11 04:29:30,6.75,24.56,1.93
2018-07-11 04:34:37,6.75,24.57,1.93
2018-07-11 04:39:44,6.75,24.56,1.93
2018-07-11 04:44:51,6.75,24.56,1.93
2018-07-11 04:49:58,6.76,24.56,1.93
2018-07-11 04:55:05,6.76,24.56,1.93
2018-07-11 05:00:12,6.76,24.56,1.93
2018-07-11 05:05:19,6.76,24.56,1.93
2018-07-11 05:10:27,6.76,24.56,1.93
2018-07-11 05:15:34,6.76,24.56,1.93
2018-07-11 05:20:41,6.76,24.56,1.93
2018-07-11 05:25:48,6.76,24.57,1.93
2018-07-11 05:30:55,6.76,24.57,1.93
2018-07-11 05:36:02,6.76,24.58,1.93
2018-07-11 05:41:09,6.77,24.59,1.93
2018-07-11 05:46:16,6.77,24.6,1.93
2018-07-11 05:51:23,6.77,24.6,2.62
2018-07-11 05:56:30,6.77,24.62,0.88
2018-07-11 06:01:37,6.77,24.61,0.88
2018-07-11 06:06:44,6.77,24.6,0.88
2018-07-11 06:11:53,6.77,24.58,0.88
2018-07-11 06:17:00,6.77,24.56,0.88
2018-07-11 06:22:07,6.77,24.56,0.88
2018-07-11 06:27:14,6.78,24.56,0.88
2018-07-11 06:32:21,6.78,24.56,2.49
2018-07-11 06:37:27,6.78,24.56,3.25
2018-07-11 06:42:34,6.78,24.56,3.25
2018-07-11 06:47:41,6.78,24.56,3.25
2018-07-11 06:52:48,6.79,24.56,3.25
2018-07-11 06:57:55,6.79,24.56,4.36
2018-07-11 07:03:02,6.79,24.56,5.38
2018-07-11 07:08:11,6.79,24.55,3.96
2018-07-11 07:13:18,6.8,24.56,2.13
2018-07-11 07:18:25,6.8,24.56,1.75
2018-07-11 07:23:32,6.8,24.56,3.76
2018-07-11 07:28:39,6.8,24.56,4.19
2018-07-11 07:33:46,6.8,24.56,4.11
2018-07-11 07:38:53,6.8,24.56,4.19
2018-07-11 07:44:00,6.8,24.56,4.27
2018-07-11 07:49:07,6.81,24.56,2.63
2018-07-11 07:54:14,6.81,24.56,3.07
2018-07-11 07:59:21,6.81,24.56,4.66
2018-07-11 08:04:28,6.81,24.56,3.07
2018-07-11 08:09:37,6.81,24.56,5.1
2018-07-11 08:14:44,6.81,24.56,5.1
2018-07-11 08:19:51,6.81,24.55,3.2
2018-07-11 08:24:58,6.81,24.53,3.05
2018-07-11 08:30:05,6.81,24.5,3.46
2018-07-11 08:35:12,6.81,24.5,3.48
2018-07-11 08:40:19,6.81,24.5,97.62
2018-07-11 08:45:26,6.81,24.48,198.85
2018-07-11 08:50:33,6.81,24.45,193.62
2018-07-11 08:55:40,6.81,24.44,189.14
2018-07-11 09:00:47,6.8,24.44,188.78
2018-07-11 09:05:54,6.81,24.43,187.2
2018-07-11 09:11:03,6.8,24.41,186.17
2018-07-11 09:16:10,6.8,24.38,186.28
2018-07-11 09:21:17,6.8,24.38,186.89
2018-07-11 09:26:24,6.8,24.35,185.93
2018-07-11 09:31:31,6.8,24.31,186.79
2018-07-11 09:36:38,6.79,24.31,186.31
2018-07-11 09:41:45,6.79,24.29,187.35
2018-07-11 09:46:52,6.79,24.29,186.72
2018-07-11 09:51:58,6.79,24.3,187.19
2018-07-11 09:57:05,6.79,24.31,188.14
2018-07-11 10:02:12,6.79,24.31,189.03
2018-07-11 10:07:19,6.78,24.31,187.42
2018-07-11 10:12:28,6.78,24.31,188.27
2018-07-11 10:17:35,6.78,24.31,188.27
2018-07-11 10:22:42,6.78,24.31,189.69
2018-07-11 10:27:49,6.78,24.31,190.36
2018-07-11 10:32:56,6.78,24.33,190.25
2018-07-11 10:38:03,6.78,24.36,189.54
2018-07-11 10:43:10,6.78,24.37,189.57
2018-07-11 10:48:17,6.78,24.37,191.07
2018-07-11 10:53:24,6.78,24.38,191.67
2018-07-11 10:58:31,6.79,24.38,191.17
2018-07-11 11:03:38,6.79,24.38,192.59
2018-07-11 11:08:47,6.79,24.38,193.21
2018-07-11 11:13:54,6.79,24.4,193.19
2018-07-11 11:19:00,6.79,24.42,194.15
2018-07-11 11:24:07,6.8,24.44,194.45
2018-07-11 11:29:14,6.8,24.44,195.31
2018-07-11 11:34:21,6.8,24.44,196.86
2018-07-11 11:39:29,6.81,24.45,196.7
2018-07-11 11:44:36,6.81,24.46,198.25
2018-07-11 11:49:43,6.81,24.49,197.83
2018-07-11 11:54:50,6.81,24.5,197.39
2018-07-11 11:59:57,6.82,24.5,198.67
2018-07-11 12:05:04,6.82,24.5,199.84
2018-07-11 12:10:13,6.83,24.52,200.5
2018-07-11 12:15:20,6.83,24.55,201.05
2018-07-11 12:20:27,6.83,24.56,202.52
2018-07-11 12:25:34,6.83,24.56,203.45
2018-07-11 12:30:41,6.84,24.56,204.19
2018-07-11 12:35:48,6.84,24.58,204.03
2018-07-11 12:40:54,6.84,24.61,201.98
2018-07-11 12:46:01,6.84,24.62,202.74
2018-07-11 12:51:08,6.84,24.62,203.96
2018-07-11 12:56:15,6.85,24.62,203.51
2018-07-11 13:01:22,6.85,24.64,203.39
2018-07-11 13:06:30,6.86,24.67,205.06
2018-07-11 13:11:41,6.86,24.68,203.73
2018-07-11 13:16:48,6.86,24.69,201.03
2018-07-11 13:21:55,6.86,24.69,197.01
2018-07-11 13:27:02,6.86,24.71,197.93
2018-07-11 13:32:08,6.87,24.73,196.55
2018-07-11 13:37:15,6.87,24.75,196.16
2018-07-11 13:42:22,6.87,24.75,197.16
2018-07-11 13:47:29,6.87,24.75,195.93
2018-07-11 13:52:36,6.88,24.76,197.2
2018-07-11 13:57:43,6.88,24.8,198.14
2018-07-11 14:02:50,6.88,24.79,199.46
2018-07-11 14:07:57,6.88,24.78,28.09
2018-07-11 14:13:06,6.88,24.75,16.29
2018-07-11 14:18:13,6.88,24.75,20.95
2018-07-11 14:23:20,6.88,24.73,23.62
2018-07-11 14:28:27,6.88,24.69,26.12
2018-07-11 14:33:35,6.88,24.69,27.26
2018-07-11 14:38:42,6.88,24.65,29.28
2018-07-11 14:43:49,6.88,24.62,30.74
2018-07-11 14:48:56,6.87,24.61,30.99
2018-07-11 14:54:03,6.87,24.57,30.59
2018-07-11 14:59:10,6.87,24.56,36.46
2018-07-11 15:04:16,6.86,24.53,38.61
2018-07-11 15:09:25,6.86,24.5,45.07
2018-07-11 15:14:32,6.87,24.48,47.57
2018-07-11 15:19:39,6.86,24.44,53.53
2018-07-11 15:24:46,6.86,24.43,55.08
2018-07-11 15:29:53,6.85,24.4,61.14
2018-07-11 15:35:00,6.85,24.38,67.65
2018-07-11 15:40:07,6.85,24.35,67.29
2018-07-11 15:45:14,6.85,24.32,80.84
2018-07-11 15:50:21,6.84,24.31,93.68
2018-07-11 15:55:28,6.84,24.26,102.42
2018-07-11 16:00:35,6.84,24.25,99.69
2018-07-11 16:05:42,6.84,24.23,26.38
2018-07-11 16:10:51,6.83,24.19,61.94
2018-07-11 16:15:58,6.83,24.18,106.46
2018-07-11 16:21:04,6.82,24.14,48.11
2018-07-11 16:26:11,6.82,24.12,12.59
2018-07-11 16:31:18,6.82,24.11,14.5
2018-07-11 16:36:25,6.81,24.08,12.47
2018-07-11 16:41:32,6.81,24.06,18.31
2018-07-11 16:46:39,6.8,24.06,13.16
2018-07-11 16:51:46,6.79,24.04,12.9
2018-07-11 16:56:53,6.79,24.02,14.53
2018-07-11 17:02:00,6.78,24.0,11.74
2018-07-11 17:07:07,6.77,24.0,12.51
2018-07-11 17:12:16,6.77,23.96,12.77
2018-07-11 17:17:23,6.77,23.94,12.34
2018-07-11 17:22:30,6.77,23.94,10.7
2018-07-11 17:27:37,6.78,23.95,11.65
2018-07-11 17:32:44,6.78,23.97,11.59
2018-07-11 17:37:51,6.78,24.0,11.9
2018-07-11 17:42:58,6.78,24.0,10.53
2018-07-11 17:48:05,6.78,24.0,11.35
2018-07-11 17:53:12,6.79,24.03,10.97
2018-07-11 17:58:18,6.79,24.05,9.66
2018-07-11 18:03:25,6.78,24.06,10.04
2018-07-11 18:08:32,6.78,24.06,8.74
2018-07-11 18:13:41,6.78,24.08,11.77
2018-07-11 18:18:48,6.78,24.12,9.4
2018-07-11 18:23:55,6.78,24.12,9.19
2018-07-11 18:29:02,6.78,24.13,8.78
2018-07-11 18:34:09,6.78,24.15,9.27
2018-07-11 18:39:16,6.78,24.18,8.28
2018-07-11 18:44:23,6.78,24.19,6.62
2018-07-11 18:49:30,6.77,24.19,5.1
2018-07-11 18:54:37,6.77,24.19,5.11
2018-07-11 18:59:44,6.76,24.19,5.52
2018-07-11 19:04:51,6.76,24.19,7.46
2018-07-11 19:09:59,6.75,24.19,4.89
2018-07-11 19:15:06,6.74,24.19,3.66
2018-07-11 19:20:13,6.73,24.19,2.71
2018-07-11 19:25:20,6.72,24.19,2.96
2018-07-11 19:30:27,6.71,24.19,1.56
2018-07-11 19:35:34,6.7,24.19,0.88
2018-07-11 19:40:41,6.7,24.19,23.32
2018-07-11 19:45:48,6.69,24.19,28.82
2018-07-11 19:50:55,6.68,24.18,27.46
2018-07-11 19:56:02,6.68,24.17,27.46
2018-07-11 20:01:09,6.68,24.15,27.46
2018-07-11 20:06:16,6.68,24.13,27.46
2018-07-11 20:11:25,6.67,24.12,27.46
2018-07-11 20:16:32,6.67,24.12,26.95
2018-07-11 20:21:39,6.67,24.12,26.66
2018-07-11 20:26:46,6.66,24.1,25.65
2018-07-11 20:31:53,6.66,24.07,25.44
2018-07-11 20:37:00,6.66,24.06,25.44
2018-07-11 20:42:07,6.65,24.06,25.44
2018-07-11 20:47:14,6.65,24.06,25.44
2018-07-11 20:52:21,6.64,24.05,25.44
2018-07-11 20:57:28,6.64,24.02,25.44
2018-07-11 21:02:35,6.64,24.0,25.44
2018-07-11 21:07:42,6.64,24.0,25.44
2018-07-11 21:12:51,6.65,23.99,25.44
2018-07-11 21:17:58,6.65,23.96,25.44
2018-07-11 21:23:05,6.65,23.94,25.44
2018-07-11 21:28:12,6.64,23.94,25.44
2018-07-11 21:33:19,6.64,23.93,25.44
2018-07-11 21:38:26,6.64,23.91,25.44
2018-07-11 21:43:33,6.64,23.88,25.44
2018-07-11 21:48:41,6.64,23.87,25.44
2018-07-11 21:53:48,6.64,23.86,25.44
2018-07-11 21:58:55,6.64,23.84,25.44
2018-07-11 22:04:02,6.63,23.83,25.44
2018-07-11 22:09:09,6.63,23.85,25.44
2018-07-11 22:14:18,6.63,23.85,25.44
2018-07-11 22:19:25,6.63,23.87,25.44
2018-07-11 22:24:32,6.63,23.87,25.44
2018-07-11 22:29:39,6.63,23.88,25.36
2018-07-11 22:34:46,6.63,23.88,25.51
2018-07-11 22:39:53,6.63,23.88,25.72
2018-07-11 22:45:00,6.64,23.91,25.44
2018-07-11 22:50:07,6.64,23.93,25.44
2018-07-11 22:55:14,6.64,23.94,25.44
2018-07-11 23:00:20,6.64,23.94,25.44
2018-07-11 23:05:27,6.64,23.94,25.44
2018-07-11 23:10:36,6.63,23.96,20.34
2018-07-11 23:15:43,6.63,23.98,1.7
2018-07-11 23:20:50,6.63,23.97,1.33
2018-07-11 23:25:57,6.63,23.97,1.33
2018-07-11 23:31:04,6.63,23.94,1.39
2018-07-11 23:36:11,6.63,23.95,1.33
2018-07-11 23:41:18,6.63,23.96,1.56
2018-07-11 23:46:25,6.63,23.97,1.33
2018-07-11 23:51:32,6.63,23.98,1.33
2018-07-11 23:56:39,6.63,23.99,1.33
2018-07-12 00:01:46,6.63,24.0,1.4
2018-07-12 00:06:53,6.62,24.0,1.37
2018-07-12 00:12:02,6.62,24.0,1.33
2018-07-12 00:17:09,6.62,24.0,1.4
2018-07-12 00:22:16,6.62,24.0,1.71
2018-07-12 00:27:23,6.62,24.01,1.92
2018-07-12 00:32:30,6.62,24.03,1.93
2018-07-12 00:37:38,6.62,24.05,1.93
2018-07-12 00:42:44,6.62,24.06,1.93
2018-07-12 00:47:51,6.62,24.06,1.93
2018-07-12 00:52:58,6.62,24.06,1.93
2018-07-12 00:58:05,6.62,24.07,1.93
2018-07-12 01:03:12,6.62,24.07,1.93
2018-07-12 01:08:19,6.62,24.1,1.93
2018-07-12 01:13:28,6.62,24.1,1.93
2018-07-12 01:18:35,6.62,24.12,1.93
2018-07-12 01:23:42,6.62,24.12,1.93
2018-07-12 01:28:49,6.62,24.12,1.93
2018-07-12 01:33:56,6.62,24.12,1.93
2018-07-12 01:39:03,6.62,24.14,1.93
2018-07-12 01:44:10,6.61,24.17,1.93
2018-07-12 01:49:17,6.61,24.18,1.93
2018-07-12 01:54:24,6.61,24.19,1.93
2018-07-12 01:59:31,6.61,24.19,1.93
2018-07-12 02:04:38,6.61,24.19,1.93
2018-07-12 02:09:45,6.61,24.2,1.93
2018-07-12 02:14:54,6.61,24.22,1.93
2018-07-12 02:20:01,6.61,24.24,1.93
2018-07-12 02:25:08,6.61,24.25,1.93
2018-07-12 02:30:15,6.61,24.25,1.93
2018-07-12 02:35:22,6.61,24.25,1.93
2018-07-12 02:40:29,6.61,24.26,1.93
2018-07-12 02:45:36,6.61,24.27,1.93
2018-07-12 02:50:43,6.61,24.27,1.93
2018-07-12 02:55:50,6.61,24.27,1.93
2018-07-12 03:00:57,6.61,24.27,1.93
2018-07-12 03:06:04,6.61,24.26,1.93
2018-07-12 03:11:13,6.61,24.27,1.93
2018-07-12 03:16:20,6.61,24.26,1.93
2018-07-12 03:21:27,6.61,24.26,1.93
2018-07-12 03:26:34,6.62,24.25,1.93
2018-07-12 03:31:41,6.61,24.26,1.93
2018-07-12 03:36:48,6.62,24.26,1.93
2018-07-12 03:41:55,6.61,24.27,1.93
2018-07-12 03:47:02,6.61,24.26,1.93
2018-07-12 03:52:08,6.61,24.27,1.93
2018-07-12 03:57:15,6.61,24.29,1.93
2018-07-12 04:02:22,6.61,24.29,1.93
2018-07-12 04:07:29,6.61,24.3,1.93
2018-07-12 04:12:40,6.62,24.31,1.93
2018-07-12 04:17:47,6.61,24.31,1.93
2018-07-12 04:22:54,6.61,24.31,1.93
2018-07-12 04:28:01,6.61,24.31,1.93
2018-07-12 04:33:08,6.61,24.31,1.93
2018-07-12 04:38:14,6.61,24.31,1.93
2018-07-12 04:43:21,6.62,24.32,1.93
2018-07-12 04:48:28,6.62,24.33,1.93
2018-07-12 04:53:35,6.62,24.33,1.93
2018-07-12 04:58:42,6.62,24.35,1.93
2018-07-12 05:03:49,6.62,24.35,1.93
2018-07-12 05:08:57,6.62,24.37,1.93
2018-07-12 05:13:59,6.62,24.38,1.93
2018-07-12 05:19:06,6.63,24.38,1.93
2018-07-12 05:24:13,6.63,24.38,1.93
2018-07-12 05:29:20,6.63,24.38,1.93
2018-07-12 05:34:27,6.63,24.38,1.93
2018-07-12 05:39:34,6.63,24.39,1.93
2018-07-12 05:44:40,6.63,24.4,1.66
2018-07-12 05:49:47,6.63,24.42,0.45
2018-07-12 05:54:54,6.64,24.43,1.05
2018-07-12 06:00:01,6.64,24.43,1.93
2018-07-12 06:05:08,6.63,24.44,2.19
2018-07-12 06:10:15,6.64,24.44,0.88
2018-07-12 06:15:24,6.64,24.44,0.88
2018-07-12 06:20:32,6.64,24.44,0.88
2018-07-12 06:25:39,6.64,24.44,0.88
2018-07-12 06:30:46,6.64,24.45,0.88
2018-07-12 06:35:53,6.64,24.46,2.07
2018-07-12 06:41:00,6.64,24.47,3.25
2018-07-12 06:46:07,6.64,24.47,3.25
2018-07-12 06:51:14,6.64,24.49,16.51
2018-07-12 06:56:20,6.65,24.5,31.03
2018-07-12 07:01:27,6.65,24.5,31.03
2018-07-12 07:06:34,6.65,24.5,4.52
2018-07-12 07:11:43,6.65,24.5,3.41
2018-07-12 07:16:50,6.65,24.51,3.25
2018-07-12 07:21:57,6.65,24.54,4.75
2018-07-12 07:27:04,6.65,24.56,5.46
2018-07-12 07:32:11,6.65,24.56,4.22
2018-07-12 07:37:18,6.66,24.56,3.97
2018-07-12 07:42:25,6.66,24.56,2.63
2018-07-12 07:47:32,6.66,24.58,2.63
2018-07-12 07:52:39,6.67,24.6,4.92
2018-07-12 07:57:46,6.67,24.61,5.1
2018-07-12 08:02:53,6.67,24.62,5.1
2018-07-12 08:08:00,6.68,24.62,3.55
2018-07-12 08:13:09,6.68,24.62,3.36
2018-07-12 08:18:16,6.68,24.62,4.22
2018-07-12 08:23:23,6.69,24.63,4.3
2018-07-12 08:28:30,6.69,24.64,5.02
2018-07-12 08:33:36,6.7,24.66,5.94
2018-07-12 08:38:43,6.7,24.68,5.61
2018-07-12 08:43:50,6.71,24.68,5.55
2018-07-12 08:48:57,6.71,24.69,5.39
2018-07-12 08:54:04,6.72,24.69,3.98
2018-07-12 08:59:11,6.72,24.69,13.97
2018-07-12 09:04:18,6.72,24.69,32.35
2018-07-12 09:09:25,6.72,24.69,32.61
2018-07-12 09:14:34,6.72,24.7,32.1
2018-07-12 09:19:41,6.73,24.73,32.3
2018-07-12 09:24:48,6.72,24.74,32.64
2018-07-12 09:29:55,6.72,24.75,34.33
2018-07-12 09:35:02,6.72,24.75,35.19
2018-07-12 09:40:09,6.72,24.76,35.66
2018-07-12 09:45:16,6.73,24.8,34.76
2018-07-12 09:50:23,6.73,24.81,35.44
2018-07-12 09:55:30,6.73,24.81,36.57
2018-07-12 10:00:37,6.73,24.81,34.9
2018-07-12 10:05:44,6.73,24.82,34.85
2018-07-12 10:10:50,6.73,24.84,10.71
2018-07-12 10:15:59,6.73,24.86,6.89
2018-07-12 10:21:06,6.73,24.87,6.54
2018-07-12 10:26:13,6.73,24.88,8.63
2018-07-12 10:31:20,6.73,24.88,8.45
2018-07-12 10:36:27,6.74,24.88,8.76
2018-07-12 10:41:34,6.74,24.88,8.19
2018-07-12 10:46:41,6.74,24.91,8.39
2018-07-12 10:51:48,6.74,24.92,9.44
2018-07-12 10:56:55,6.74,24.93,8.53
2018-07-12 11:02:02,6.74,24.94,10.31
2018-07-12 11:07:09,6.75,24.94,9.87
2018-07-12 11:12:18,6.75,24.94,12.22
2018-07-12 11:17:25,6.75,24.94,11.19
2018-07-12 11:22:32,6.75,24.94,10.8
2018-07-12 11:27:39,6.76,24.96,14.03
2018-07-12 11:32:46,6.76,24.95,13.28
2018-07-12 11:37:53,6.76,24.94,11.38
2018-07-12 11:43:00,6.76,24.93,11.85
2018-07-12 11:48:07,6.76,24.91,11.07
2018-07-12 11:53:14,6.76,24.88,10.11
2018-07-12 11:58:21,6.77,24.88,10.33
2018-07-12 12:03:28,6.76,24.87,12.49
2018-07-12 12:08:36,6.76,24.83,15.76
2018-07-12 12:25:53,6.76,24.76,16.57
2018-07-12 12:31:00,6.76,24.75,16.66
2018-07-12 12:36:07,6.75,24.75,15.9
2018-07-12 12:41:14,6.75,24.71,15.9
2018-07-12 12:46:21,6.75,24.69,15.54
2018-07-12 12:51:28,6.75,24.68,16.48
2018-07-12 12:56:35,6.75,24.64,17.22
2018-07-12 13:01:42,6.74,24.62,16.17
2018-07-12 13:06:49,6.74,24.62,15.93
2018-07-12 13:11:56,6.74,24.57,14.1
2018-07-12 13:17:03,6.74,24.56,12.95
2018-07-12 13:22:12,6.74,24.54,12.96
2018-07-12 13:27:19,6.73,24.5,12.85
2018-07-12 13:32:26,6.73,24.5,11.54
2018-07-12 13:37:33,6.73,24.5,12.03
2018-07-12 13:42:40,6.73,24.5,11.51
2018-07-12 13:47:47,6.73,24.5,12.1
2018-07-12 13:52:54,6.73,24.5,10.96
2018-07-12 13:58:01,6.73,24.5,11.14
2018-07-12 14:03:08,6.73,24.5,11.63
2018-07-12 14:08:15,6.73,24.5,13.09
2018-07-12 14:13:21,6.73,24.5,16.6
2018-07-12 14:18:28,6.72,24.5,21.28
2018-07-12 14:23:39,6.72,24.53,26.52
2018-07-12 14:28:46,6.72,24.54,28.99
2018-07-12 14:33:53,6.72,24.56,32.19
2018-07-12 14:38:59,6.72,24.56,32.98
2018-07-12 14:44:06,6.71,24.56,35.91
2018-07-12 14:49:13,6.71,24.57,35.1
2018-07-12 14:54:20,6.71,24.57,34.46
2018-07-12 14:59:27,6.71,24.6,38.16
2018-07-12 15:04:34,6.71,24.62,42.35
2018-07-12 15:09:41,6.71,24.62,47.19
2018-07-12 15:14:48,6.71,24.62,38.01
2018-07-12 15:19:55,6.71,24.64,57.6
2018-07-12 15:25:04,6.71,24.65,60.11
2018-07-12 15:30:11,6.71,24.68,61.82
2018-07-12 15:35:18,6.72,24.69,68.52
2018-07-12 15:40:25,6.72,24.66,44.6
2018-07-12 15:45:32,6.72,24.63,15.89
2018-07-12 15:50:39,6.72,24.62,88.26
2018-07-12 15:55:46,6.72,24.62,102.1
2018-07-12 16:00:53,6.72,24.62,114.56
2018-07-12 16:06:00,6.72,24.61,124.21
2018-07-12 16:11:06,6.72,24.62,137.22
2018-07-12 16:16:13,6.72,24.62,125.81
2018-07-12 16:21:20,6.73,24.62,137.18
2018-07-12 16:26:29,6.73,24.62,132.35
2018-07-12 16:31:36,6.73,24.62,116.28
2018-07-12 16:36:43,6.74,24.61,89.65
2018-07-12 16:41:50,6.74,24.62,65.82
2018-07-12 16:46:57,6.74,24.62,53.95
2018-07-12 16:52:04,6.74,24.62,46.99
2018-07-12 16:57:11,6.75,24.61,45.0
2018-07-12 17:02:18,6.75,24.6,24.5
2018-07-12 17:07:25,6.75,24.62,10.52
2018-07-12 17:12:32,6.75,24.62,8.32
2018-07-12 17:17:39,6.76,24.62,8.31
2018-07-12 17:22:48,6.76,24.58,8.77
2018-07-12 17:27:55,6.76,24.6,8.0
2018-07-12 17:33:02,6.76,24.61,7.5
2018-07-12 17:38:09,6.76,24.62,7.16
2018-07-12 17:43:15,6.76,24.61,6.77
2018-07-12 17:48:22,6.76,24.58,7.43
2018-07-12 17:53:29,6.75,24.57,7.19
2018-07-12 17:58:36,6.75,24.56,8.38
2018-07-12 18:03:43,6.75,24.56,7.74
2018-07-12 18:08:50,6.75,24.56,9.25
2018-07-12 18:13:57,6.74,24.56,6.71
2018-07-12 18:19:04,6.73,24.56,7.14
2018-07-12 18:24:13,6.73,24.57,6.18
2018-07-12 18:29:20,6.73,24.56,6.21
2018-07-12 18:34:27,6.73,24.56,4.3
2018-07-12 18:39:34,6.72,24.56,21.67
2018-07-12 18:44:41,6.72,24.56,34.43
2018-07-12 18:49:48,6.72,24.56,11.63
2018-07-12 18:54:55,6.72,24.56,3.93
2018-07-12 19:00:02,6.71,24.56,4.84
2018-07-12 19:05:09,6.71,24.57,5.46
2018-07-12 19:10:16,6.71,24.58,5.46
2018-07-12 19:15:23,6.71,24.61,4.51
2018-07-12 19:20:30,6.71,24.62,3.88
2018-07-12 19:25:38,6.7,24.62,3.74
2018-07-12 19:30:45,6.7,24.62,4.53
2018-07-12 19:35:52,6.7,24.62,5.46
2018-07-12 19:40:59,6.7,24.63,4.12
2018-07-12 19:46:06,6.7,24.63,3.25
2018-07-12 19:51:13,6.7,24.65,3.25
2018-07-12 19:56:20,6.7,24.67,2.4
2018-07-12 20:01:28,6.7,24.68,0.88
2018-07-12 20:06:35,6.7,24.68,0.88
2018-07-12 20:11:42,6.7,24.69,3.86
2018-07-12 20:16:49,6.7,24.69,1.93
2018-07-12 20:21:56,6.7,24.69,1.93
2018-07-12 20:27:05,6.7,24.69,1.93
2018-07-12 20:32:12,6.7,24.7,1.93
2018-07-12 20:37:19,6.7,24.73,1.93
2018-07-12 20:42:25,6.7,24.74,1.93
2018-07-12 20:47:32,6.7,24.74,1.93
2018-07-12 20:52:39,6.7,24.75,1.93
2018-07-12 20:57:46,6.71,24.75,1.93
2018-07-12 21:02:53,6.71,24.75,1.93
2018-07-12 21:08:00,6.71,24.75,1.93
2018-07-12 21:13:07,6.71,24.75,1.93
2018-07-12 21:18:14,6.71,24.76,1.93
2018-07-12 21:23:24,6.71,24.77,1.93
2018-07-12 21:28:31,6.71,24.78,1.93
2018-07-12 21:33:38,6.71,24.8,1.93
2018-07-12 21:38:45,6.71,24.81,1.93
2018-07-12 21:43:52,6.72,24.81,1.93
2018-07-12 21:48:59,6.72,24.81,1.93
2018-07-12 21:54:06,6.72,24.81,1.93
2018-07-12 21:59:13,6.72,24.81,1.93
2018-07-12 22:04:21,6.72,24.81,1.93
2018-07-12 22:09:28,6.72,24.82,1.93
2018-07-12 22:14:34,6.72,24.83,1.93
2018-07-12 22:19:41,6.72,24.82,1.93
2018-07-12 22:24:50,6.72,24.82,1.93
2018-07-12 22:29:57,6.73,24.81,1.93
2018-07-12 22:35:04,6.73,24.81,1.93
2018-07-12 22:40:11,6.73,24.78,1.93
2018-07-12 22:45:18,6.73,24.77,1.93
2018-07-12 22:50:25,6.73,24.77,1.93
2018-07-12 22:55:32,6.73,24.76,1.93
2018-07-12 23:00:39,6.73,24.75,3.45
2018-07-12 23:05:46,6.74,24.75,3.86
2018-07-12 23:10:53,6.74,24.75,3.86
2018-07-12 23:16:00,6.73,24.71,11.05
2018-07-12 23:21:07,6.73,24.69,31.57
2018-07-12 23:26:16,6.73,24.68,1.39
2018-07-12 23:31:23,6.72,24.65,1.25
2018-07-12 23:36:30,6.72,24.62,1.5
2018-07-12 23:41:37,6.72,24.61,1.64
2018-07-12 23:46:44,6.71,24.58,1.69
2018-07-12 23:51:50,6.71,24.56,1.25
2018-07-12 23:56:57,6.71,24.53,1.44
2018-07-13 00:02:04,6.7,24.51,1.93
2018-07-13 00:07:11,6.69,24.5,1.93
2018-07-13 00:12:18,6.69,24.5,1.93
2018-07-13 00:17:25,6.68,24.5,1.93
2018-07-13 00:22:32,6.68,24.5,1.93
2018-07-13 00:27:41,6.67,24.5,1.93
2018-07-13 00:32:48,6.67,24.5,1.93
2018-07-13 00:37:55,6.66,24.5,1.93
2018-07-13 00:43:02,6.66,24.51,1.93
2018-07-13 00:48:09,6.66,24.5,1.93
2018-07-13 00:53:16,6.65,24.5,1.93
2018-07-13 00:58:23,6.65,24.51,1.93
2018-07-13 01:03:30,6.65,24.5,1.93
2018-07-13 01:08:37,6.64,24.52,1.93
2018-07-13 01:13:44,6.64,24.52,1.93
2018-07-13 01:18:51,6.63,24.53,1.93
2018-07-13 01:24:00,6.63,24.54,1.93
2018-07-13 01:29:07,6.63,24.56,1.93
2018-07-13 01:34:14,6.63,24.56,1.93
2018-07-13 01:39:21,6.62,24.56,1.93
2018-07-13 01:44:28,6.62,24.56,1.93
2018-07-13 01:49:34,6.61,24.56,1.93
2018-07-13 01:54:41,6.61,24.56,1.93
2018-07-13 01:59:48,6.61,24.56,1.93
2018-07-13 02:04:55,6.61,24.57,1.93
2018-07-13 02:10:02,6.61,24.59,1.93
2018-07-13 02:15:09,6.6,24.61,1.93
2018-07-13 02:20:16,6.6,24.62,1.93
2018-07-13 02:25:26,6.6,24.62,1.93
2018-07-13 02:30:33,6.6,24.62,1.93
2018-07-13 02:35:40,6.59,24.62,1.93
2018-07-13 02:40:47,6.59,24.62,1.93
2018-07-13 02:45:54,6.59,24.63,1.93
2018-07-13 02:51:01,6.59,24.64,1.93
2018-07-13 02:56:08,6.59,24.67,1.93
2018-07-13 03:01:15,6.59,24.68,1.93
2018-07-13 03:06:22,6.59,24.68,1.93
2018-07-13 03:11:29,6.58,24.68,1.93
2018-07-13 03:16:36,6.58,24.69,1.93
2018-07-13 03:21:42,6.58,24.69,1.93
2018-07-13 03:26:52,6.58,24.69,1.93
2018-07-13 03:31:59,6.58,24.71,1.93
2018-07-13 03:37:06,6.57,24.7,1.93
2018-07-13 03:42:13,6.58,24.72,1.93
2018-07-13 03:47:20,6.57,24.73,1.93
2018-07-13 03:52:27,6.57,24.75,1.93
2018-07-13 03:57:34,6.57,24.75,1.93
2018-07-13 04:02:40,6.57,24.75,1.93
2018-07-13 04:07:47,6.57,24.75,1.93
2018-07-13 04:12:54,6.57,24.75,1.93
2018-07-13 04:18:01,6.57,24.76,1.93
2018-07-13 04:23:08,6.57,24.77,1.93
2018-07-13 04:28:17,6.57,24.79,1.93
2018-07-13 04:33:24,6.57,24.8,1.93
2018-07-13 04:38:31,6.57,24.81,1.93
2018-07-13 04:43:38,6.57,24.81,1.93
2018-07-13 04:48:45,6.57,24.81,1.93
2018-07-13 04:53:52,6.57,24.81,1.93
2018-07-13 04:58:59,6.57,24.81,1.93
2018-07-13 05:04:06,6.57,24.81,1.93
2018-07-13 05:09:12,6.57,24.82,1.93
2018-07-13 05:14:19,6.57,24.84,1.93
2018-07-13 05:19:26,6.57,24.85,1.93
2018-07-13 05:24:37,6.57,24.86,1.93
2018-07-13 05:29:44,6.57,24.87,1.93
2018-07-13 05:34:51,6.57,24.88,1.93
2018-07-13 05:39:58,6.57,24.88,1.93
2018-07-13 05:45:05,6.57,24.88,1.93
2018-07-13 05:50:12,6.57,24.88,3.31
2018-07-13 05:55:19,6.57,24.88,3.22
2018-07-13 06:00:25,6.57,24.88,0.88
2018-07-13 06:05:32,6.57,24.88,0.88
2018-07-13 06:10:39,6.57,24.88,0.88
2018-07-13 06:15:46,6.58,24.87,0.88
2018-07-13 06:20:53,6.58,24.85,0.88
2018-07-13 06:26:02,6.58,24.82,2.15
2018-07-13 06:31:09,6.58,24.81,3.25
2018-07-13 06:36:16,6.58,24.81,3.25
2018-07-13 06:41:23,6.58,24.79,3.25
2018-07-13 06:46:30,6.58,24.77,3.25
2018-07-13 06:51:37,6.59,24.76,3.88
2018-07-13 06:56:44,6.58,24.75,4.4
2018-07-13 07:01:51,6.58,24.75,1.75
2018-07-13 07:06:58,6.58,24.75,1.75
2018-07-13 07:12:05,6.58,24.75,3.5
2018-07-13 07:17:12,6.58,24.75,4.19
2018-07-13 07:22:19,6.58,24.75,3.88
2018-07-13 07:27:28,6.58,24.75,2.63
2018-07-13 07:32:35,6.58,24.75,2.63
2018-07-13 07:37:42,6.58,24.75,2.63
2018-07-13 07:42:48,6.58,24.75,4.15
2018-07-13 07:47:55,6.58,24.75,3.8
2018-07-13 07:53:02,6.58,24.75,2.77
2018-07-13 07:58:09,6.58,24.75,2.63
2018-07-13 08:03:16,6.58,24.75,5.1
2018-07-13 08:08:23,6.58,24.75,5.1
2018-07-13 08:13:30,6.58,24.75,4.77
2018-07-13 08:18:37,6.57,24.77,3.16
2018-07-13 08:23:44,6.58,24.77,4.66
2018-07-13 08:28:53,6.57,24.78,5.45
2018-07-13 08:34:00,6.57,24.79,4.29
2018-07-13 08:39:07,6.57,24.79,4.4
2018-07-13 08:44:14,6.57,24.8,4.97
2018-07-13 08:49:21,6.57,24.8,4.95
2018-07-13 08:54:28,6.57,24.81,4.89
2018-07-13 08:59:35,6.57,24.81,4.72
2018-07-13 09:04:42,6.57,24.81,4.16
2018-07-13 09:09:48,6.57,24.81,4.67
2018-07-13 09:14:55,6.57,24.79,4.9
2018-07-13 09:20:02,6.57,24.76,4.81
2018-07-13 09:25:11,6.57,24.74,5.19
2018-07-13 09:30:18,6.57,24.7,4.66
2018-07-13 09:35:25,6.57,24.69,5.05
2018-07-13 09:40:32,6.57,24.66,5.56
2018-07-13 09:45:39,6.57,24.62,5.1
2018-07-13 09:50:46,6.57,24.62,5.54
2018-07-13 09:55:53,6.57,24.62,6.4
2018-07-13 10:01:00,6.57,24.62,7.04
2018-07-13 10:06:07,6.56,24.62,7.55
2018-07-13 10:11:14,6.56,24.62,7.56
2018-07-13 10:16:21,6.56,24.62,7.73
2018-07-13 10:21:28,6.56,24.62,7.61
2018-07-13 10:26:38,6.56,24.62,7.15
2018-07-13 10:31:45,6.56,24.62,7.36
2018-07-13 10:36:52,6.56,24.62,6.66
2018-07-13 10:41:58,6.55,24.62,7.21
2018-07-13 10:47:05,6.55,24.63,7.65
2018-07-13 10:52:12,6.55,24.64,8.14
2018-07-13 10:57:19,6.55,24.66,7.94
2018-07-13 11:02:27,6.55,24.68,8.28
2018-07-13 11:07:34,6.55,24.68,8.04
2018-07-13 11:12:41,6.54,24.69,8.46
2018-07-13 11:17:49,6.54,24.69,8.83
2018-07-13 11:22:56,6.54,24.69,10.74
2018-07-13 11:28:05,6.54,24.69,10.76
2018-07-13 11:33:12,6.54,24.68,8.91
2018-07-13 11:38:19,6.54,24.69,12.49
2018-07-13 11:43:26,6.53,24.69,12.33
2018-07-13 11:48:33,6.54,24.69,12.79
2018-07-13 11:53:40,6.53,24.69,13.35
2018-07-13 11:58:47,6.53,24.68,13.54
2018-07-13 12:03:54,6.53,24.68,13.75
2018-07-13 12:09:01,6.53,24.69,15.06
2018-07-13 12:14:08,6.53,24.68,15.35
2018-07-13 12:19:15,6.53,24.68,16.57
2018-07-13 12:24:22,6.53,24.68,16.76
2018-07-13 12:29:30,6.53,24.66,16.44
2018-07-13 12:34:37,6.53,24.65,16.27
2018-07-13 12:39:44,6.53,24.67,15.46
2018-07-13 12:44:51,6.54,24.64,15.09
2018-07-13 12:49:58,6.54,24.64,15.12
2018-07-13 12:55:05,6.54,24.64,15.32
2018-07-13 13:00:12,6.54,24.63,14.15
2018-07-13 13:05:19,6.54,24.63,14.14
2018-07-13 13:10:26,6.54,24.63,13.45
2018-07-13 13:15:33,6.55,24.62,12.51
2018-07-13 13:20:40,6.55,24.62,11.71
2018-07-13 13:25:49,6.55,24.62,12.46
2018-07-13 13:30:56,6.55,24.62,12.0
2018-07-13 13:36:03,6.55,24.62,12.25
2018-07-13 13:41:10,6.55,24.62,12.22
2018-07-13 13:46:17,6.56,24.61,12.67
2018-07-13 13:51:24,6.56,24.61,13.14
2018-07-13 13:56:31,6.56,24.6,13.12
2018-07-13 14:01:38,6.56,24.6,14.09
2018-07-13 14:06:45,6.56,24.59,14.22
2018-07-13 14:11:52,6.56,24.58,16.39
2018-07-13 14:16:58,6.56,24.58,20.41
2018-07-13 14:22:05,6.56,24.57,25.83
2018-07-13 14:27:16,6.56,24.57,28.89
2018-07-13 14:32:23,6.56,24.56,30.16
2018-07-13 14:37:30,6.56,24.56,29.18
2018-07-13 14:42:36,6.56,24.56,24.16
2018-07-13 14:47:43,6.56,24.56,23.12
2018-07-13 14:52:50,6.56,24.56,11.47
2018-07-13 14:57:57,6.56,24.56,22.58
2018-07-13 15:03:04,6.55,24.56,26.9
2018-07-13 15:08:11,6.55,24.56,27.81
2018-07-13 15:13:18,6.55,24.56,32.36
2018-07-13 15:18:25,6.55,24.55,30.61
2018-07-13 15:23:32,6.55,24.55,33.63
2018-07-13 15:28:41,6.55,24.55,29.08
2018-07-13 15:33:48,6.55,24.54,20.68
2018-07-13 15:38:55,6.55,24.53,36.18
2018-07-13 15:44:02,6.55,24.52,39.83
2018-07-13 15:49:09,6.54,24.5,42.64
2018-07-13 15:54:16,6.55,24.5,44.98
2018-07-13 15:59:23,6.55,24.5,46.97
2018-07-13 16:04:30,6.55,24.5,49.66
2018-07-13 16:09:37,6.54,24.51,49.31
2018-07-13 16:14:44,6.54,24.51,51.36
2018-07-13 16:19:51,6.54,24.55,42.91
2018-07-13 16:24:58,6.54,24.56,50.1
2018-07-13 16:30:07,6.54,24.56,46.9
2018-07-13 16:35:14,6.54,24.56,45.49
2018-07-13 16:40:21,6.54,24.56,24.41
2018-07-13 16:45:28,6.54,24.58,24.07
2018-07-13 16:50:35,6.54,24.6,22.35
2018-07-13 16:55:42,6.54,24.62,17.51
2018-07-13 17:00:49,6.55,24.62,11.73
2018-07-13 17:05:56,6.55,24.62,8.52
2018-07-13 17:11:03,6.55,24.62,7.83
2018-07-13 17:16:10,6.55,24.63,8.65
2018-07-13 17:21:17,6.55,24.64,7.54
2018-07-13 17:26:27,6.56,24.65,6.17
2018-07-13 17:31:34,6.56,24.67,7.76
2018-07-13 17:36:41,6.56,24.68,5.8
2018-07-13 17:41:48,6.56,24.69,6.7
2018-07-13 17:46:55,6.57,24.69,7.22
2018-07-13 17:52:02,6.57,24.69,6.7
2018-07-13 17:57:09,6.57,24.69,4.56
2018-07-13 18:02:16,6.57,24.69,7.59
2018-07-13 18:07:23,6.58,24.7,5.99
2018-07-13 18:12:30,6.58,24.71,4.62
2018-07-13 18:17:36,6.58,24.73,7.04
2018-07-13 18:22:43,6.58,24.74,5.77
2018-07-13 18:27:53,6.59,24.74,5.1
2018-07-13 18:33:00,6.59,24.75,5.03
2018-07-13 18:38:07,6.59,24.75,6.51
2018-07-13 18:43:14,6.59,24.75,5.19
2018-07-13 18:48:21,6.59,24.75,4.19
2018-07-13 18:53:28,6.59,24.75,4.19
2018-07-13 18:58:35,6.6,24.75,4.19
2018-07-13 19:03:42,6.6,24.76,2.55
2018-07-13 19:08:49,6.6,24.77,5.46
2018-07-13 19:13:56,6.61,24.78,5.46
2018-07-13 19:19:02,6.61,24.8,5.46
2018-07-13 19:24:09,6.61,24.81,4.91
2018-07-13 19:29:18,6.61,24.8,3.25
2018-07-13 19:34:25,6.62,24.81,3.25
2018-07-13 19:39:32,6.62,24.81,3.25
2018-07-13 19:44:39,6.62,24.81,3.25
2018-07-13 19:49:46,6.62,24.81,1.9
2018-07-13 19:54:53,6.62,24.81,0.88
2018-07-13 20:00:00,6.63,24.81,0.88
2018-07-13 20:05:07,6.63,24.81,0.88
2018-07-13 20:10:14,6.63,24.82,1.62
2018-07-13 20:15:21,6.63,24.82,2.55
2018-07-13 20:20:28,6.64,24.84,1.93
2018-07-13 20:25:35,6.64,24.85,1.93
2018-07-13 20:30:43,6.64,24.86,1.93
2018-07-13 20:35:50,6.64,24.87,1.93
2018-07-13 20:40:57,6.64,24.87,1.93
2018-07-13 20:46:04,6.64,24.88,1.93
2018-07-13 20:51:11,6.65,24.88,1.93
2018-07-13 20:56:18,6.65,24.87,1.93
2018-07-13 21:01:25,6.65,24.88,1.93
2018-07-13 21:06:32,6.65,24.88,1.93
2018-07-13 21:11:39,6.65,24.88,1.93
2018-07-13 21:16:46,6.65,24.88,1.93
2018-07-13 21:21:53,6.65,24.88,1.93
2018-07-13 21:27:02,6.65,24.88,1.93
2018-07-13 21:32:09,6.65,24.89,1.93
2018-07-13 21:37:16,6.65,24.89,1.93
2018-07-13 21:42:23,6.66,24.89,1.93
2018-07-13 21:47:30,6.65,24.89,1.93
2018-07-13 21:52:37,6.66,24.9,1.93
2018-07-13 21:57:44,6.66,24.91,1.93
2018-07-13 22:02:51,6.66,24.92,1.93
2018-07-13 22:07:58,6.66,24.92,1.93
2018-07-13 22:13:04,6.66,24.93,1.93
2018-07-13 22:18:11,6.66,24.93,1.93
2018-07-13 22:23:18,6.66,24.93,1.93
2018-07-13 22:28:27,6.66,24.94,1.93
2018-07-13 22:33:34,6.67,24.94,1.93
2018-07-13 22:38:41,6.66,24.94,1.93
2018-07-13 22:43:48,6.66,24.94,1.93
2018-07-13 22:48:55,6.67,24.94,1.93
2018-07-13 22:54:02,6.67,24.94,1.93
2018-07-13 22:59:09,6.67,24.94,1.93
2018-07-13 23:04:16,6.67,24.94,1.93
2018-07-13 23:09:23,6.67,24.94,1.93
2018-07-13 23:14:30,6.67,24.94,1.93
2018-07-13 23:19:37,6.68,24.94,1.93
2018-07-13 23:24:44,6.68,24.94,1.93
2018-07-13 23:29:54,6.68,24.94,1.93
2018-07-13 23:35:01,6.68,24.94,1.93
2018-07-13 23:40:07,6.68,24.94,1.93
2018-07-13 23:45:14,6.68,24.94,1.93
2018-07-13 23:50:21,6.68,24.94,1.93
2018-07-13 23:55:28,6.68,24.95,1.93
2018-07-14 00:00:35,6.68,24.95,1.93
2018-07-14 00:05:42,6.68,24.95,1.93
2018-07-14 00:10:49,6.68,24.96,1.93
2018-07-14 00:15:56,6.69,24.97,1.93
2018-07-14 00:21:03,6.68,24.97,1.93
2018-07-14 00:26:11,6.68,24.98,1.93
2018-07-14 00:31:20,6.68,24.98,1.93
2018-07-14 00:36:28,6.69,24.98,1.93
2018-07-14 00:41:34,6.69,24.98,1.93
2018-07-14 00:46:41,6.69,24.98,1.93
2018-07-14 00:51:48,6.69,24.99,1.93
2018-07-14 00:56:55,6.69,25.0,1.93
2018-07-14 01:02:02,6.69,24.99,1.93
2018-07-14 01:07:09,6.69,24.99,1.93
2018-07-14 01:12:16,6.7,25.0,1.93
2018-07-14 01:17:23,6.7,24.99,1.93
2018-07-14 01:22:30,6.7,25.0,1.93
2018-07-14 01:27:39,6.7,25.0,1.93
2018-07-14 01:32:46,6.7,25.0,1.93
2018-07-14 01:37:53,6.7,25.0,1.93
2018-07-14 01:43:00,6.7,25.0,1.93
2018-07-14 01:48:07,6.7,25.0,1.93
2018-07-14 01:53:14,6.7,25.0,1.93
2018-07-14 01:58:21,6.71,25.0,1.93
2018-07-14 02:03:28,6.71,25.0,1.93
2018-07-14 02:08:35,6.71,25.0,1.93
2018-07-14 02:13:42,6.71,25.0,1.93
2018-07-14 02:18:49,6.71,25.0,1.93
2018-07-14 02:23:56,6.71,25.0,1.93
2018-07-14 02:29:05,6.72,25.0,1.93
2018-07-14 02:34:12,6.72,25.0,1.93
2018-07-14 02:39:19,6.72,25.0,1.93
2018-07-14 02:44:26,6.72,25.0,1.93
2018-07-14 02:49:32,6.72,25.0,1.93
2018-07-14 02:54:39,6.72,25.0,1.93
2018-07-14 02:59:46,6.73,25.0,1.93
2018-07-14 03:04:53,6.72,25.0,1.93
2018-07-14 03:10:00,6.73,25.0,1.93
2018-07-14 03:15:07,6.73,25.0,1.93
2018-07-14 03:20:14,6.73,25.0,1.93
2018-07-14 03:25:21,6.73,25.0,1.93
2018-07-14 03:30:30,6.73,25.0,1.93
2018-07-14 03:35:37,6.73,25.0,1.93
2018-07-14 03:40:44,6.73,25.0,1.93
2018-07-14 03:45:51,6.73,25.0,1.93
2018-07-14 03:50:58,6.73,25.0,1.93
2018-07-14 03:56:05,6.74,25.0,1.93
2018-07-14 04:01:12,6.74,25.0,1.93
2018-07-14 04:06:19,6.74,25.0,1.93
2018-07-14 04:11:26,6.74,25.0,1.93
2018-07-14 04:16:32,6.74,25.0,1.93
2018-07-14 04:21:39,6.74,25.0,1.93
2018-07-14 04:26:46,6.75,25.0,1.93
2018-07-14 04:31:55,6.75,25.0,1.93
2018-07-14 04:37:02,6.75,25.0,1.93
2018-07-14 04:42:09,6.75,25.0,1.93
2018-07-14 04:47:16,6.75,25.0,1.93
2018-07-14 04:52:23,6.75,25.0,1.93
2018-07-14 04:57:30,6.75,25.0,1.93
2018-07-14 05:02:37,6.75,25.0,1.93
2018-07-14 05:07:44,6.75,25.0,1.93
2018-07-14 05:12:51,6.76,25.0,1.93
2018-07-14 05:17:58,6.75,25.0,1.93
2018-07-14 05:23:05,6.76,25.0,1.93
2018-07-14 05:28:16,6.76,25.0,1.93
2018-07-14 05:33:23,6.76,24.99,1.93
2018-07-14 05:38:30,6.76,24.99,1.93
2018-07-14 05:43:37,6.76,24.98,1.93
2018-07-14 05:48:44,6.76,24.97,1.93
2018-07-14 05:53:51,6.76,24.98,1.93
2018-07-14 05:58:58,6.76,24.97,2.69
2018-07-14 06:04:04,6.77,24.97,3.65
2018-07-14 06:09:11,6.77,24.97,0.88
2018-07-14 06:14:18,6.77,24.97,0.88
2018-07-14 06:19:25,6.77,24.96,0.88
2018-07-14 06:24:32,6.77,24.95,0.88
2018-07-14 06:29:41,6.77,24.95,1.9
2018-07-14 06:34:48,6.77,24.95,3.25
2018-07-14 06:39:55,6.77,24.94,3.25
2018-07-14 06:45:02,6.77,24.95,2.76
2018-07-14 06:50:09,6.77,24.94,1.75
2018-07-14 06:55:16,6.78,24.94,1.75
2018-07-14 07:00:23,6.78,24.94,1.75
2018-07-14 07:05:30,6.78,24.94,1.75
2018-07-14 07:10:37,6.78,24.94,2.8
2018-07-14 07:15:44,6.78,24.94,4.19
2018-07-14 07:20:51,6.78,24.94,3.98
2018-07-14 07:25:58,6.78,24.94,2.07
2018-07-14 07:31:07,6.78,24.94,2.63
2018-07-14 07:36:14,6.78,24.94,2.63
2018-07-14 07:41:21,6.78,24.94,2.63
2018-07-14 07:46:28,6.79,24.94,2.63
2018-07-14 07:51:34,6.79,24.94,2.63
2018-07-14 07:56:41,6.78,24.94,2.81
2018-07-14 08:01:48,6.79,24.94,2.63
2018-07-14 08:06:55,6.79,24.94,4.07
2018-07-14 08:12:02,6.79,24.94,2.62
2018-07-14 08:17:09,6.79,24.94,2.59
2018-07-14 08:22:16,6.79,24.93,4.16
2018-07-14 08:27:23,6.79,24.93,4.6
2018-07-14 08:32:32,6.79,24.94,4.46
2018-07-14 08:37:39,6.79,24.93,5.99
2018-07-14 08:42:46,6.79,24.93,5.99
2018-07-14 08:47:53,6.79,24.93,5.19
2018-07-14 08:53:00,6.79,24.93,3.51
2018-07-14 08:58:07,6.79,24.93,3.79
2018-07-14 09:03:14,6.79,24.93,3.15
2018-07-14 09:08:21,6.78,24.93,3.01
2018-07-14 09:13:28,6.79,24.93,4.16
2018-07-14 09:18:35,6.79,24.93,4.58
2018-07-14 09:23:42,6.78,24.93,4.87
